pub_date,snippet
2008-01-24 05:00:00+00:00,
2008-01-24 05:00:00+00:00,"A front-page article on Monday about a change of commanders under consideration by the Pentagon misspelled the designation of an Army unit previously commanded by Lt. Gen. Peter W. Chiarelli, who might be selected to replace Gen. David H. Petraeus..."
2008-01-24 05:00:00+00:00,
2008-01-24 05:00:00+00:00,
2008-01-24 05:00:00+00:00,The major American markets closed near their highs for the day as investors extended a global financial rally that began Wednesday.
2008-01-24 05:00:00+00:00,
2008-01-24 05:00:00+00:00,"As fears of an American recession ripple across the globe, analysts are wondering whether the great oil boom of the last five years is finally coming to an end."
2008-01-24 05:00:00+00:00,
2008-01-24 05:00:00+00:00,
2008-01-24 05:00:00+00:00,Macintosh sales rise and two new software programs fill big holes in the computer’s landscape.
2008-01-24 05:00:00+00:00,Candidates are confronting an electorate unsettled about the United States’ ability to control its future.
2008-01-24 05:00:00+00:00,
2008-01-24 05:00:00+00:00,
2008-01-24 05:00:00+00:00,A tax rebate is at the center of a plan to stimulate a flagging economy.
2008-01-24 05:00:00+00:00,"On the first day of the World Economic Forum, many expressed deep fears about the faltering American economy and blunt criticism of the Federal Reserve."
2008-01-24 05:00:00+00:00,The embattled student lending giant said that it lost $1.6 billion in its fourth quarter as it prepared for a jump in student loan defaults.
2008-01-24 05:00:00+00:00,
2008-01-24 05:00:00+00:00,
2008-01-24 05:00:00+00:00,
2008-01-24 05:00:00+00:00,
2008-01-24 05:00:00+00:00,
2008-01-24 05:00:00+00:00,
2008-01-24 05:00:00+00:00,
2008-01-24 05:00:00+00:00,"Stocks plunged at the opening bell, spent much of the session in negative territory, then erased a 326-point deficit in the afternoon to post strong gains in the final hour."
2008-01-24 05:00:00+00:00,Motorola executives said demand for the company’s cellphones had slowed and the company was losing market share.
2008-01-24 05:00:00+00:00,
2008-01-24 05:00:00+00:00,
2008-01-24 05:00:00+00:00,"Two articles on Wednesday, one on the front page and one in Business Day, about the reaction in Washington to market turmoil, misstated circumstances of a conversation on Monday between Treasury Secretary Henry M. Paulson Jr. and President Bush. A..."
2008-01-24 05:00:00+00:00,"Even as the Federal Reserve grapples with the collapse of a speculative bubble in housing, is it at risk of repeating recent mistakes?"
2008-01-24 11:44:50+00:00,
2008-01-24 11:47:01+00:00,
2008-01-24 12:12:21+00:00,
2008-01-24 12:32:00+00:00,
2008-01-24 12:45:28+00:00,
2008-01-24 12:59:01+00:00,
2008-01-24 14:25:00+00:00,"The following is a transcript of the Republican presidential debate in Boca Raton, Fla., as provided by the Federal News Service."
2008-01-24 14:28:50+00:00,
2008-01-24 16:21:00+00:00,
2008-01-24 16:32:00+00:00,"In this lesson, students share opinions about philanthropic causes they might champion. They then prepare posters highlighting lecture topics that might be presented at the World Economic Forum."
2008-01-24 21:36:27+00:00,
2008-01-25 05:00:00+00:00,
2008-01-25 05:00:00+00:00,Finance officials in Moscow are now describing Russia as the most insulated from the ill effects of a United States recession among the chief emerging-market economies.
2008-01-25 05:00:00+00:00,"RAFAH, Egypt  There was less joy than frenzy on Thursday at this border crossing, as Gazans and Gaza businessmen hurried to stock up while they still could."
2008-01-25 05:00:00+00:00,"Société Générale said the trader made bad bets on stocks and then, in trying to cover up those losses, dug himself deeper into a hole."
2008-01-25 05:00:00+00:00,"Pessimism is greatest among those closest to the financial system, so while some take a working financial system for granted, others see a system in crisis."
2008-01-25 05:00:00+00:00,Kingfield is an old-fashioned town that has old-fashioned home prices to match.
2008-01-25 05:00:00+00:00,
2008-01-25 05:00:00+00:00,An ad from Hillary Rodham Clinton aims squarely at Californians who prize environmental protection and alternative energy.
2008-01-25 05:00:00+00:00,"As talk of an American recession has helped batter global financial markets, economic policy makers in Japan have largely sat on the sidelines."
2008-01-25 05:00:00+00:00,"Société Générale, a French bank, said the fraud had been committed by a trader in charge of hedging on European index futures."
2008-01-25 05:00:00+00:00,"On Thursday, the world came to know Jérôme Kerviel, 31, as the most dangerous accused rogue trader ever."
2008-01-25 05:00:00+00:00,The major American markets closed near their highs for the day as investors extended a global financial rally that began Wednesday.
2008-01-25 05:00:00+00:00,"Some fear that American consumers will pull back from their exuberant spending, cooling demand for goods worldwide and dragging down the global economy."
2008-01-25 05:00:00+00:00,
2008-01-25 05:00:00+00:00,Which narrative is going to prevail: the Greed Narrative or the Ecology Narrative?
2008-01-25 05:00:00+00:00,
2008-01-25 05:00:00+00:00,
2008-01-25 05:00:00+00:00,Societe Generale’s unwinding of Jerome Kerviel’s bets on two European stock indexes may have been a key factor in the steep decline of the Frankfurt exchange early in the week.
2008-01-25 05:00:00+00:00,
2008-01-25 05:00:00+00:00,
2008-01-25 05:00:00+00:00,
2008-01-25 05:00:00+00:00,The deal capped a series of fast-paced and intense negotiations after both parties had to agree to numerous compromises after more than a year of acid relations.
2008-01-25 05:00:00+00:00,
2008-01-25 05:00:00+00:00,Presidential candidates addressed the news that high levels of mercury were found in tuna sushi sold in Manhattan stores and restaurants. 
2008-01-25 05:00:00+00:00,
2008-01-25 11:36:51+00:00,
2008-01-25 12:05:20+00:00,
2008-01-25 12:08:41+00:00,
2008-01-25 12:11:38+00:00,
2008-01-25 12:30:50+00:00,
2008-01-25 16:06:17+00:00,
2008-01-25 18:32:28+00:00,
2008-01-25 18:59:07+00:00,
2008-01-25 22:52:34+00:00,
2008-01-26 05:00:00+00:00,
2008-01-26 05:00:00+00:00,I don’t see how you can avoid a certain amount of gloom given the week we’ve just had — and its implications for the future of the U.S. economy. 
2008-01-26 05:00:00+00:00,Prominent bloggers are trading barbs over whether their fellow pundits have been far too optimistic or pessimistic about the economy.
2008-01-26 05:00:00+00:00,
2008-01-26 05:00:00+00:00,"Mr. Darman guided policy and deal making in four Republican administrations, including the reversal of the first President Bush’s campaign pledge not to raise taxes."
2008-01-26 05:00:00+00:00,
2008-01-26 05:00:00+00:00,United States regulators are considering forcing investment banks to make public markets in some of the more exotic financial instruments that have plunged in value in the last six months.
2008-01-26 05:00:00+00:00,"Until Jérôme Kerviel was charged in unprecedented fraud, there was nothing superlative about him."
2008-01-26 05:00:00+00:00,Endowments at some independent schools have become so big that trustees have hired full-time money managers.
2008-01-26 21:41:52+00:00,
2008-01-27 05:00:00+00:00,Investigators were expected to question the trader in connection with a massive fraud at Société Générale.
2008-01-27 05:00:00+00:00,"Ellicottville, one of only two genuine ski towns in New York State,  is on the rise."
2008-01-27 05:00:00+00:00,"Just a few years ago, America’s hold on global power seemed unshakable. But a lot has changed while
we’ve been in Iraq — and the next president is going to be dealing with not only a triumphant China and a
retooled Europe but also the quiet rise o..."
2008-01-27 05:00:00+00:00,"After the Federal Reserve made an unscheduled interest-rate cut of three-quarters of a percentage point, the broad stock market rallied, eking out a modest gain for the week."
2008-01-27 05:00:00+00:00,"In Westchester and elsewhere, builders are trying to devise strategies to weather the downturn and reassure consumers."
2008-01-27 05:00:00+00:00,
2008-01-27 05:00:00+00:00,Investor sentiment suggests that the bulk of the stock market’s decline is now behind us.
2008-01-27 05:00:00+00:00,Knowing a little bit more than the next guy is the name of the game on Wall Street. 
2008-01-27 05:00:00+00:00,"The stunning growth and success of Bear Naked granola cereal has been celebrated in Norwalk, where the company endeared itself to the community."
2008-01-27 05:00:00+00:00,I will offer a humble forecast: Inflation will make its way up from the bottom of the Federal Reserve’s worry list to the very top.
2008-01-27 05:00:00+00:00,"With stock markets around the world falling last week, New Yorkers cut back on the essentials, like dry-cleaning their sheets."
2008-01-27 05:00:00+00:00,"The key to maintaining economic stability is well-placed confidence in the markets. Bubbles, by contrast, result from misplaced confidence."
2008-01-27 05:00:00+00:00,Restoring confidence in the big bad financial universe is not just a rate cut away.
2008-01-27 05:00:00+00:00,"The problem, analysts say, boils down to this: Customers are avoiding Sears stores in droves. "
2008-01-27 05:00:00+00:00,There’s more than one way to braise a duck.
2008-01-27 05:00:00+00:00,
2008-01-27 05:00:00+00:00,
2008-01-27 05:00:00+00:00,The vast stock of older buildings presents a much bigger opportunity to cut down on energy consumption and carbon emissions.
2008-01-27 05:00:00+00:00,
2008-01-27 05:00:00+00:00,"Société Générale said the trader was involved in an elaborate, yearlong ruse that involved betting billions of dollars on European stock index futures."
2008-01-27 05:00:00+00:00,The lessons of legal realism have always been uppermost in my mind when I think about anything important: Stated reasons are often not the real reasons.
2008-01-28 05:00:00+00:00,
2008-01-28 05:00:00+00:00,
2008-01-28 05:00:00+00:00,"Moving to show investors he is serious about a turnaround at Sears, Edward S. Lampert, the retailer’s billionaire chairman, said the company’s chief executive, Aylwin B. Lewis, would step down."
2008-01-28 05:00:00+00:00,
2008-01-28 05:00:00+00:00,
2008-01-28 05:00:00+00:00,"An early tumble gave way to afternoon gains on Wall Street, as U.S. investors shrugged off heavy losses in the Asian markets and sent stocks steadily up in anticipation of a Fed rate cut."
2008-01-28 05:00:00+00:00,"From the savings and loan meltdown in the 1980s to the current housing-led seizure, financial institutions have proved unable to curb their appetite for risky assets — blowing up the bank and spreading economic mayhem."
2008-01-28 05:00:00+00:00,The media conglomerate is trying to expand the global reach of “High School Musical” to squeeze even more money from the franchise.
2008-01-28 05:00:00+00:00,President Bush faces the unwelcome prospect that his legacy will be wrapped up in hard times.
2008-01-28 05:00:00+00:00,
2008-01-28 05:00:00+00:00,
2008-01-28 05:00:00+00:00,
2008-01-28 05:00:00+00:00,
2008-01-28 05:00:00+00:00,
2008-01-28 05:00:00+00:00,
2008-01-28 05:00:00+00:00,Let the economists and politicians debate whether the American economy is in a recession. Madison Avenue is already battening down the hatches.
2008-01-28 05:00:00+00:00,
2008-01-28 05:00:00+00:00,"The embattled student lending giant, reached a settlement over its scuttled $25 billion buyout, ending months of legal fighting."
2008-01-28 05:00:00+00:00,
2008-01-28 05:00:00+00:00,Jérôme Kerviel told prosecutors that his fictitious trading started a year earlier than Société Générale has said.
2008-01-28 05:00:00+00:00,
2008-01-28 11:37:47+00:00,
2008-01-28 11:44:30+00:00,
2008-01-28 11:48:40+00:00,
2008-01-28 12:00:16+00:00,
2008-01-28 12:04:29+00:00,
2008-01-28 12:13:38+00:00,
2008-01-28 12:20:41+00:00,
2008-01-28 12:43:11+00:00,
2008-01-28 13:09:32+00:00,
2008-01-28 14:50:30+00:00,
2008-01-28 15:57:00+00:00,Automobiles Editor James G. Cobb is answering questions Jan.  28-Feb.1.
2008-01-28 16:49:09+00:00,
2008-01-28 20:34:56+00:00,
2008-01-28 21:31:41+00:00,"LeapFrog’s successor to the best-selling LeapPad, the Tag, is being introduced today. It could have been in toy stores years earlier."
2008-01-28 22:13:14+00:00,"Apple sold 1.7 million more iPhones last year than AT&T activated on its network. The bulk of those, analysts say, were sold to gray market dealers who unlocked them and sold them overseas in countries in which Apple does not yet have a carrier pa..."
2008-01-29 05:00:00+00:00,
2008-01-29 05:00:00+00:00,
2008-01-29 05:00:00+00:00,
2008-01-29 05:00:00+00:00,
2008-01-29 05:00:00+00:00,"An early tumble gave way to a rally on Wall Street on Monday, as investors shrugged off heavy losses in the Asian markets."
2008-01-29 05:00:00+00:00,
2008-01-29 05:00:00+00:00,Société Générale’s management is under fresh scrutiny after Jérôme Kerviel said that his trading began in 2005.
2008-01-29 05:00:00+00:00,
2008-01-29 05:00:00+00:00,
2008-01-29 05:00:00+00:00,Senior French politicians stepped up calls for top managers at Société Générale to resign over a rogue trader’s deals that cost the bank more than $7 billion.
2008-01-29 05:00:00+00:00,
2008-01-29 05:00:00+00:00,
2008-01-29 05:00:00+00:00,
2008-01-29 05:00:00+00:00,"Edward S. Lampert has a new strategy for Sears: less Edward S. Lampert, humbly admitting that  his  style and strategy for Sears and Kmart are not working."
2008-01-29 05:00:00+00:00,"Banco Bradesco, the Brazilian bank, reported a 29 percent increase in fourth-quarter net income on higher lending and one-time gains. Net income climbed to 2.19 billion reais ($1.23 billion) from 1.7 billion reais a year earlier, Bradesco said. Re..."
2008-01-29 05:00:00+00:00,It may be riskier and more expensive than ever envisioned for the Nets to construct the Barclays Center arena near downtown Brooklyn.
2008-01-29 05:00:00+00:00,"Alliance Data Systems Corporation, the big credit card processor, warned that its proposed $6.4 billion buyout might unravel."
2008-01-29 05:00:00+00:00,
2008-01-29 05:00:00+00:00,
2008-01-29 05:00:00+00:00,"The exchanges were in talks about an $11 billion merger, a union that would be the latest in a wave of consolidation among financial markets."
2008-01-29 12:01:59+00:00,
2008-01-29 12:30:07+00:00,
2008-01-29 12:38:06+00:00,
2008-01-29 13:15:08+00:00,"Going long on “Atonement,” short on “No Country” and taking an option on “Juno.”"
2008-01-29 20:33:41+00:00,
2008-01-30 05:00:00+00:00,"After a stunning cut one week ago, the Federal Reserve appears poised to announce another rate cut on Wednesday as insurance against a recession."
2008-01-30 05:00:00+00:00,"Mrs. Daniel achieved renown as a concert singer, radio and television host, and author of best-selling biographies and mysteries."
2008-01-30 05:00:00+00:00,"In a move that will make it easier for small and medium-size public companies to raise money, federal regulators are about to the ease rules on the sale of restricted shares."
2008-01-30 05:00:00+00:00,
2008-01-30 05:00:00+00:00,
2008-01-30 05:00:00+00:00,"In lowering its benchmark rate by a half-point to 3 percent, the Fed said that it was worried mainly about an economic slowdown, not rising inflation. "
2008-01-30 05:00:00+00:00,"Politicians in France increased calls for the resignation of top executives at Société Générale, ahead of the board’s regular meeting, scheduled for Wednesday."
2008-01-30 05:00:00+00:00,To the Editor:.
2008-01-30 05:00:00+00:00,
2008-01-30 05:00:00+00:00,
2008-01-30 05:00:00+00:00,
2008-01-30 05:00:00+00:00,"With Florida behind them and 24 primaries looming, the presidential candidates are about to grapple with New York, where anything can happen to a campaign."
2008-01-30 05:00:00+00:00,
2008-01-30 05:00:00+00:00,
2008-01-30 05:00:00+00:00,
2008-01-30 05:00:00+00:00,
2008-01-30 05:00:00+00:00,
2008-01-30 05:00:00+00:00,
2008-01-30 05:00:00+00:00,
2008-01-30 05:00:00+00:00,
2008-01-30 05:00:00+00:00,
2008-01-30 05:00:00+00:00,
2008-01-30 05:00:00+00:00,
2008-01-30 05:00:00+00:00,The Dow gained more than 100 points within minutes of the central bank’s announcement and continued to climb before falling just before the close.
2008-01-30 05:00:00+00:00,
2008-01-30 05:00:00+00:00,
2008-01-30 05:00:00+00:00,
2008-01-30 05:00:00+00:00,
2008-01-30 11:52:53+00:00,
2008-01-30 12:02:21+00:00,
2008-01-30 12:06:17+00:00,
2008-01-30 13:08:00+00:00,"The following is a transcript of the Republican presidential debate in Simi Valley, Calif., as provided by the Federal News Service and CNN."
2008-01-30 13:18:11+00:00,
2008-01-30 13:25:21+00:00,
2008-01-30 15:26:38+00:00,
2008-01-30 16:18:48+00:00,
2008-01-30 17:08:21+00:00,"Jerry Yang and Sue Decker sounded like they were talking only to analysts filling out spreadsheets on their conference call Tuesday. Yahoo’s shares plunged, and the company’s customers and employees are left to wonder what’s next."
2008-01-31 05:00:00+00:00,
2008-01-31 05:00:00+00:00,
2008-01-31 05:00:00+00:00,"The decision came as Starbucks reported anemic sales growth of 1 percent at stores open at least a year, the worst three-month performance in the company’s history."
2008-01-31 05:00:00+00:00,
2008-01-31 05:00:00+00:00,
2008-01-31 05:00:00+00:00,A fund manager rattled investors by warning that two pillars of the financial markets might crumble.
2008-01-31 05:00:00+00:00,"Advertising, issues, money, stamina and phrases in the Republican presidential race heading into Tuesday’s contests."
2008-01-31 05:00:00+00:00,
2008-01-31 05:00:00+00:00,"Google said that its profit jumped 17 percent in the fourth quarter, but the earnings fell short of analysts’ expectations, and the company’s shares fell after hours."
2008-01-31 05:00:00+00:00,Wall Street was sharply higher as investors shrugged off concerns about problems in the bond insurance industry.
2008-01-31 05:00:00+00:00,A Fed rally on Wall Street abruptly fizzled Wednesday as excitement over an interest rate cut gave way to new  concerns about subprime mortgage woes.
2008-01-31 05:00:00+00:00,"The bulls are rooting for Wall Street’s home team, the New York Giants. Or at least they should be if they believe football results influence the stock market."
2008-01-31 05:00:00+00:00,
2008-01-31 05:00:00+00:00,A Canadian financier who traveled to Kazakhstan with Bill Clinton and won a big mining deal later donated millions to Mr. Clinton’s charitable foundation.
2008-01-31 05:00:00+00:00,
2008-01-31 05:00:00+00:00,Swiss bank UBS’s string of stinging financial disclosures is  symptomatic of how the subprime drama has unfolded in Europe and is stoking fears of more shocks to come.
2008-01-31 05:00:00+00:00,The task of reinforcing the regulatory apparatus of the nation’s economy is as formidable a challenge as managing the downturn.
2008-01-31 05:00:00+00:00,"The Federal Reserve tried to soothe Wall Street’s nerves on Wednesday, but a fund manager frayed them by warning that two pillars of the financial markets might crumble."
2008-01-31 05:00:00+00:00,
2008-01-31 05:00:00+00:00,
2008-01-31 05:00:00+00:00,
2008-01-31 05:00:00+00:00,
2008-01-31 05:00:00+00:00,
2008-01-31 05:00:00+00:00,
2008-01-31 05:00:00+00:00,
2008-01-31 05:00:00+00:00,
2008-01-31 05:00:00+00:00,"Some of Seventh Avenue’s most influential tastemakers are invoking in their latest collections the proprieties, the seamless appearances and the tony aspirations of midcentury Middle America."
2008-01-31 05:00:00+00:00,The Fed’s move on Wednesday was part of a one-two punch by Washington aimed at jolting the economy.
2008-01-31 11:51:22+00:00,
2008-01-31 12:04:10+00:00,
2008-01-31 12:07:28+00:00,
2008-01-31 12:14:07+00:00,
2008-01-31 12:15:38+00:00,
2008-01-31 16:22:19+00:00,
2008-01-31 19:56:56+00:00,
2008-01-31 21:10:13+00:00,
2008-01-31 23:02:33+00:00,"One drag on Google’s earnings in the fourth quarter was the payments it was required to make to social networks, especially MySpace, owned by News Corp. The money it made didn’t cover the guarantees."
2008-02-01 05:00:00+00:00,
2008-02-01 05:00:00+00:00,"Under attack from critics who describe the company as effectively insolvent, MBIA presented a spirited defense in a four-hour conference call with investors and analysts Thursday."
2008-02-01 05:00:00+00:00,
2008-02-01 05:00:00+00:00,Motorola said Thursday that it was exploring the possibility of selling or spinning off its cellular phone business as a way to make the company more profitable.
2008-02-01 05:00:00+00:00,The decline marks the most striking evidence yet that the United States may be slipping into a recession.
2008-02-01 05:00:00+00:00,
2008-02-01 05:00:00+00:00,
2008-02-01 05:00:00+00:00,"The deal would reshape the Internet consumer services business, where both companies have struggled to compete with Google."
2008-02-01 05:00:00+00:00,
2008-02-01 05:00:00+00:00,
2008-02-01 05:00:00+00:00,"The banks, which include Citigroup and UBS, are considering injecting capital into Ambac and assuming some of the risks associated with guarantees written by the company."
2008-02-01 05:00:00+00:00,
2008-02-01 05:00:00+00:00,
2008-02-01 05:00:00+00:00,
2008-02-01 05:00:00+00:00,"Although the United States is seemingly heading toward a recession, OPEC may soon have to cut its output to offset a seasonal demand slowdown in the spring."
2008-02-01 05:00:00+00:00,
2008-02-01 05:00:00+00:00,
2008-02-01 05:00:00+00:00,"Amazon.com, which has been rapidly adding digital downloads to its vast Web store, will bolster those offerings with Audible, the largest online seller of audiobooks."
2008-02-01 05:00:00+00:00,"Solar power is booming in California, the product of billions of dollars in investment and great enthusiasm."
2008-02-01 05:00:00+00:00,
2008-02-01 05:00:00+00:00,
2008-02-01 05:00:00+00:00,"The notion that names of Web sites can be valuable, cash-generating assets just like stocks, bonds or property appears to be gaining a broader acceptance."
2008-02-01 05:00:00+00:00,
2008-02-01 05:00:00+00:00,
2008-02-01 05:00:00+00:00,
2008-02-01 05:00:00+00:00,"Google reported a 17 percent jump in profit and a 51 percent growth in revenue in the fourth quarter, falling shy of Wall Street’s expectations."
2008-02-01 05:00:00+00:00,
2008-02-01 05:00:00+00:00,
2008-02-01 05:00:00+00:00,"The deal would reshape the Internet consumer services business, where both companies have struggled to compete with Google. "
2008-02-01 05:00:00+00:00,
2008-02-01 05:00:00+00:00,
2008-02-01 05:00:00+00:00,
2008-02-01 05:00:00+00:00,"A South Korean court found the private equity fund and one of its executives guilty of manipulating stock prices. The executive, Paul Yoo, was sentenced to five years."
2008-02-01 05:00:00+00:00,
2008-02-01 05:00:00+00:00,
2008-02-01 05:00:00+00:00,
2008-02-01 05:00:00+00:00,
2008-02-01 05:00:00+00:00,Two brothers built their log house on 40 acres in the shadow of a mountain range 20 miles east of the Sierra Nevada.
2008-02-01 05:00:00+00:00,
2008-02-01 05:00:00+00:00,
2008-02-01 05:00:00+00:00,
2008-02-01 05:00:00+00:00,Wall Street was sharply higher as investors shrugged off concerns about problems in the bond insurance industry.
2008-02-01 05:00:00+00:00,
2008-02-01 08:23:00+00:00,“The Bushes as we know them today are the product of a combination of — one might say the combustion between — the two very different families arrayed around these two dominant men.”
2008-02-01 11:43:13+00:00,
2008-02-01 12:25:52+00:00,
2008-02-01 12:27:07+00:00,
2008-02-01 12:33:38+00:00,
2008-02-01 12:36:10+00:00,
2008-02-01 12:38:57+00:00,
2008-02-01 12:41:31+00:00,
2008-02-01 12:53:37+00:00,
2008-02-01 14:54:17+00:00,"No other buyer will be willing to pay more for Yahoo. Since Yahoo’s management will not be able to justify turning down that sort of premium, Microsoft is likely to win the prize."
2008-02-01 15:04:14+00:00,Some of the more interesting thoughts so far.
2008-02-01 15:15:29+00:00,
2008-02-01 22:45:29+00:00,
2008-02-01 22:51:49+00:00,
2008-02-02 00:22:14+00:00,
2008-02-02 05:00:00+00:00,
2008-02-02 05:00:00+00:00,
2008-02-02 05:00:00+00:00,Google’s dominance has forced Microsoft to concede that it did not get its Internet business right.
2008-02-02 05:00:00+00:00,
2008-02-02 05:00:00+00:00,
2008-02-02 05:00:00+00:00,
2008-02-02 05:00:00+00:00,
2008-02-02 05:00:00+00:00,"A South Korean court found the private equity fund and one of its executives guilty of manipulating stock prices. The executive, Paul Yoo, was sentenced to five years.
"
2008-02-02 05:00:00+00:00,
2008-02-02 05:00:00+00:00,
2008-02-02 05:00:00+00:00,
2008-02-02 05:00:00+00:00,
2008-02-02 05:00:00+00:00,The proposed Yahoo deal is a confirmation that Microsoft has become exactly what Bill Gates used to fear — sluggish and bureaucratic.
2008-02-02 05:00:00+00:00,The move underscored the strategic significance of mining in a resource-stretched age as well as China’s formidable and still largely untapped economic might.
2008-02-02 05:00:00+00:00,
2008-02-02 05:00:00+00:00,
2008-02-02 05:00:00+00:00,
2008-02-02 05:00:00+00:00,A January report by JPMorgan Chase said growing revenues from online advertising would in part lead to a great year for Internet stocks.
2008-02-02 05:00:00+00:00,
2008-02-02 05:00:00+00:00,
2008-02-02 05:00:00+00:00,
2008-02-02 05:00:00+00:00,
2008-02-02 05:00:00+00:00,"If consummated, the deal would instantly redraw the competitive landscape on the Internet and escalate the battle between Microsoft and Google."
2008-02-02 05:00:00+00:00,
2008-02-02 05:00:00+00:00,"If New York’s status and the currency that backs it are more contested than they once were, that only makes the opening of the Museum of American Finance on Wall Street last month more urgently intriguing."
2008-02-02 05:00:00+00:00,
2008-02-02 05:00:00+00:00,The banks are considering injecting capital into the Ambac Financial Group and assuming some of the risks associated with guarantees written by the company.
2008-02-02 05:00:00+00:00,"If your grandmother played the market, she probably invested in utilities for safety and income, not capital gains. She would need to adjust her strategy today."
2008-02-03 05:00:00+00:00,A concentrated burst of advertising is highlighting the diverging financial fortunes of the two parties.
2008-02-03 05:00:00+00:00,
2008-02-03 05:00:00+00:00,
2008-02-03 05:00:00+00:00,
2008-02-03 05:00:00+00:00,
2008-02-03 05:00:00+00:00,
2008-02-03 05:00:00+00:00,
2008-02-03 05:00:00+00:00,
2008-02-03 05:00:00+00:00,
2008-02-03 05:00:00+00:00,
2008-02-03 05:00:00+00:00,
2008-02-03 05:00:00+00:00,
2008-02-03 05:00:00+00:00,
2008-02-03 05:00:00+00:00,
2008-02-03 05:00:00+00:00,"Environmentally friendly flowers are a hard sell. After all, most people don’t eat them."
2008-02-03 05:00:00+00:00,
2008-02-03 05:00:00+00:00,"“Judgment,” by Noel M. Tichy and Warren G. Bennis, is a valentine to that savior-leader, especially to the all-deciding C.E.O."
2008-02-03 05:00:00+00:00,
2008-02-03 05:00:00+00:00,Microsoft’s proposed mega-bid for Yahoo is based on its own particular corporate needs and may not be a harbinger of rampant deal-making in Silicon Valley.
2008-02-03 05:00:00+00:00,
2008-02-03 05:00:00+00:00,"Siemens, the 161-year-old conglomerate based in Munich, has been disproving the skeptics who questioned whether an industrial giant could be a stock market star."
2008-02-03 05:00:00+00:00,
2008-02-03 05:00:00+00:00,
2008-02-03 05:00:00+00:00,
2008-02-03 05:00:00+00:00,
2008-02-03 05:00:00+00:00,
2008-02-03 05:00:00+00:00,"Buoyed by another Federal Reserve interest-rate cut and by Microsoft’s $44.6 billion bid for Yahoo, the broad stock market rose last week."
2008-02-03 05:00:00+00:00,
2008-02-03 05:00:00+00:00,"A feud over influence at American International Group, the world’s largest insurer, continues in legal papers and in public."
2008-02-03 05:00:00+00:00,
2008-02-03 05:00:00+00:00,
2008-02-03 05:00:00+00:00,
2008-02-03 05:00:00+00:00,
2008-02-03 05:00:00+00:00,
2008-02-03 05:00:00+00:00,"Amid growing recession fears, it’s only natural that U.S. investors are a little spooked.  But how do you explain that foreign stocks are off to an even worse start in 2008?"
2008-02-03 05:00:00+00:00,
2008-02-03 05:00:00+00:00,
2008-02-03 05:00:00+00:00,
2008-02-03 05:00:00+00:00,
2008-02-04 05:00:00+00:00,
2008-02-04 05:00:00+00:00,
2008-02-04 05:00:00+00:00,
2008-02-04 05:00:00+00:00,"A battle royal shaping up between Barry Diller and John C. Malone over IAC/Interactive is not about their personal differences, despite the juicy material this provides. "
2008-02-04 05:00:00+00:00,
2008-02-04 05:00:00+00:00,
2008-02-04 05:00:00+00:00,
2008-02-04 05:00:00+00:00,
2008-02-04 05:00:00+00:00,
2008-02-04 05:00:00+00:00,
2008-02-04 05:00:00+00:00,
2008-02-04 05:00:00+00:00,
2008-02-04 05:00:00+00:00,
2008-02-04 05:00:00+00:00,The French government is calling for tighter risk-control measures and a broad review of bank rules in response to losses from the trading scandal at Société Générale.
2008-02-04 05:00:00+00:00,
2008-02-04 05:00:00+00:00,
2008-02-04 05:00:00+00:00,
2008-02-04 05:00:00+00:00,
2008-02-04 05:00:00+00:00,
2008-02-04 05:00:00+00:00,A predictions market about technology that can benefit from the wisdom of crowds.
2008-02-04 05:00:00+00:00,
2008-02-04 05:00:00+00:00,
2008-02-04 05:00:00+00:00,The British bank could face nationalization should an effort being led by Prime Minister Gordon Brown’s government fail to find a buyer.
2008-02-04 05:00:00+00:00,
2008-02-04 05:00:00+00:00,
2008-02-04 05:00:00+00:00,
2008-02-04 05:00:00+00:00,
2008-02-04 05:00:00+00:00,
2008-02-04 05:00:00+00:00,"In an industry that favors start-ups, a faint stodginess clings to Microsoft and Yahoo that could impede their  ability to draw top engineering talent."
2008-02-04 05:00:00+00:00,
2008-02-04 05:00:00+00:00,
2008-02-04 05:00:00+00:00,
2008-02-04 05:00:00+00:00,
2008-02-04 05:48:30+00:00,
2008-02-04 12:40:48+00:00,
2008-02-04 12:50:44+00:00,
2008-02-04 12:54:56+00:00,
2008-02-04 12:57:12+00:00,
2008-02-04 13:01:25+00:00,
2008-02-04 13:03:50+00:00,
2008-02-05 05:00:00+00:00,
2008-02-05 05:00:00+00:00,
2008-02-05 05:00:00+00:00,
2008-02-05 05:00:00+00:00,
2008-02-05 05:00:00+00:00,"Société Générale encouraged a culture of risk,  enabling  rogue trader Jérôme Kerviel’s activities to go undetected, according to bank officials."
2008-02-05 05:00:00+00:00,
2008-02-05 05:00:00+00:00,
2008-02-05 05:00:00+00:00,
2008-02-05 05:00:00+00:00,
2008-02-05 05:00:00+00:00,
2008-02-05 05:00:00+00:00,
2008-02-05 05:00:00+00:00,
2008-02-05 05:00:00+00:00,
2008-02-05 05:00:00+00:00,"With a lift from the falling dollar and better-than-expected sales in several divisions, the company has delivered a pleasant earnings surprise to its long-suffering shareholders."
2008-02-05 05:00:00+00:00,
2008-02-05 05:00:00+00:00,
2008-02-05 05:00:00+00:00,
2008-02-05 05:00:00+00:00,
2008-02-05 05:00:00+00:00,
2008-02-05 05:00:00+00:00,
2008-02-05 05:00:00+00:00,
2008-02-05 05:00:00+00:00,
2008-02-05 05:00:00+00:00,
2008-02-05 05:00:00+00:00,
2008-02-05 05:00:00+00:00,
2008-02-05 05:00:00+00:00,
2008-02-05 05:00:00+00:00,Analysts say a shift toward thrift could have huge implications for an economy driven largely by consumer spending.
2008-02-05 05:00:00+00:00,Boston Scientific delivered a pleasant earnings surprise to its long-suffering shareholders.
2008-02-05 05:00:00+00:00,Stocks plummeted on Wall Street on Tuesday after a business survey provided another strong signal that the U.S. may be in the early stages of a recession.
2008-02-05 05:00:00+00:00,
2008-02-05 05:00:00+00:00,
2008-02-05 12:20:23+00:00,
2008-02-05 12:35:47+00:00,
2008-02-05 12:43:35+00:00,
2008-02-05 18:47:22+00:00,
2008-02-06 05:00:00+00:00,"When sun-dried tomatoes first came to the United States in the late 1970s, they became, almost immediately, one of our first contemporary food fads."
2008-02-06 05:00:00+00:00,
2008-02-06 05:00:00+00:00,
2008-02-06 05:00:00+00:00,"Senator John McCain was successful in the delegate-rich states, while Mike Huckabee racked up Southern victories."
2008-02-06 05:00:00+00:00,"According to the Red Cross, most of the killings have been in the turbulent Rift Valley, where gangs from opposing ethnic groups have fought fiercely."
2008-02-06 05:00:00+00:00,
2008-02-06 05:00:00+00:00,"Senator John McCain was successful in the delegate-rich states, while Mike Huckabee racked up victories across the South."
2008-02-06 05:00:00+00:00,The mine’s board said BHP Billiton’s improved takeover offer of about $147 billion still undervalues the company significantly. 
2008-02-06 05:00:00+00:00,"In brief remarks to photographers, Jérôme Kerviel said that while he took responsibility for booking billions of euros in fictitious trades, he was “singled out” by Société Générale."
2008-02-06 05:00:00+00:00,
2008-02-06 05:00:00+00:00,"If banks of all sizes could regain their capital immediately and easily, it would be a tremendous benefit to the American economy."
2008-02-06 05:00:00+00:00,
2008-02-06 05:00:00+00:00,
2008-02-06 05:00:00+00:00,
2008-02-06 05:00:00+00:00,The Nikkei and Hang Seng indexes were down sharply amid fears about shrinking consumption in the U.S.
2008-02-06 05:00:00+00:00,"Senator John McCain of Arizona captured the California primary and its windfall of delegates on Tuesday night, capping an evening of impressive victories."
2008-02-06 05:00:00+00:00,
2008-02-06 05:00:00+00:00,
2008-02-06 05:00:00+00:00,
2008-02-06 05:00:00+00:00,
2008-02-06 05:00:00+00:00,Asian markets plunged after a new signal of U.S. recession prompted steep declines on Wall Street.
2008-02-06 05:00:00+00:00,
2008-02-06 05:00:00+00:00,
2008-02-06 05:00:00+00:00,
2008-02-06 05:00:00+00:00,
2008-02-06 05:00:00+00:00,
2008-02-06 05:00:00+00:00,
2008-02-06 05:00:00+00:00,
2008-02-06 05:00:00+00:00,
2008-02-06 05:00:00+00:00,Stocks plummeted after a business survey provided another strong signal that the United States might be in the early stages of a recession.
2008-02-06 11:46:59+00:00,
2008-02-06 12:10:39+00:00,
2008-02-06 12:31:07+00:00,
2008-02-06 15:33:34+00:00,
2008-02-06 19:27:31+00:00,
2008-02-06 20:43:54+00:00,
2008-02-06 22:40:20+00:00,
2008-02-07 05:00:00+00:00,
2008-02-07 05:00:00+00:00,
2008-02-07 05:00:00+00:00,
2008-02-07 05:00:00+00:00,
2008-02-07 05:00:00+00:00,The board of the mining company said BHP Billiton’s improved takeover offer of about $147 billion still undervalues the company significantly. 
2008-02-07 05:00:00+00:00,
2008-02-07 05:00:00+00:00,"The combination could force other carriers to seek partners, people with knowledge of the talks said Wednesday."
2008-02-07 05:00:00+00:00,
2008-02-07 05:00:00+00:00,
2008-02-07 05:00:00+00:00,
2008-02-07 05:00:00+00:00,"A proposal by Dan Wood and Amale Andraos was a departure from previous design proposals to transform the courtyard of the P.S. 1 Contemporary Art Center in Long Island City, Queens, for a summer."
2008-02-07 05:00:00+00:00,
2008-02-07 05:00:00+00:00,"Some say 2008 will mark a dark turning point for the newspaper industry, which has been besieged by shrinking profits and tumbling stock prices."
2008-02-07 05:00:00+00:00,
2008-02-07 05:00:00+00:00,
2008-02-07 05:00:00+00:00,
2008-02-07 05:00:00+00:00,"It is easy to dismiss Jérôme Kerviel, the rogue trader at Société Générale, as a fluke. So here is a sobering thought for Wall Street: There may be a bit of Mr. Kerviel in all of us."
2008-02-07 05:00:00+00:00,
2008-02-07 05:00:00+00:00,
2008-02-07 05:00:00+00:00,
2008-02-07 12:51:00+00:00,
2008-02-07 13:07:50+00:00,
2008-02-07 13:30:28+00:00,Barry Diller said IAC/InterActiveCorp is probably not interested in combining with AOL. But such a deal may well be a good way for both companies to deal with the competition posed by Microsoft’s proposed acquisition of Yahoo.
2008-02-07 18:05:01+00:00,"The Sanitation Department collected fewer than 40 tons of paper after Tuesday’s parade for the Giants, compared with 5,438 tons to celebrate the Allied victory over Japan and the end of World War II in 1945."
2008-02-07 19:00:27+00:00,
2008-02-08 05:00:00+00:00,
2008-02-08 05:00:00+00:00,
2008-02-08 05:00:00+00:00,
2008-02-08 05:00:00+00:00,JAZZ.
2008-02-08 05:00:00+00:00,
2008-02-08 05:00:00+00:00,"Jerry Yang faces pressure as he decides whether to try to rescue the company from Microsoft, or accept its bid to purchase Yahoo."
2008-02-08 05:00:00+00:00,
2008-02-08 05:00:00+00:00,
2008-02-08 05:00:00+00:00,
2008-02-08 05:00:00+00:00,Life in the capital of Ndjamena returned to something resembling normal and fears of a new rebel attack began to fade.
2008-02-08 05:00:00+00:00,
2008-02-08 05:00:00+00:00,
2008-02-08 05:00:00+00:00,
2008-02-08 05:00:00+00:00,
2008-02-08 05:00:00+00:00,
2008-02-08 05:00:00+00:00,
2008-02-08 05:00:00+00:00,
2008-02-08 05:00:00+00:00,
2008-02-08 05:00:00+00:00,"The telecommunications giant finished its first full year as a merged company with a net loss of 3.52 billion euros, or $5.1 billion, mostly on charges, and it predicted a loss for the current quarter."
2008-02-08 05:00:00+00:00,"Despite the shaky state of world financial markets, there are still plenty of people willing to spend millions of dollars to put Impressionist, Modern or contemporary art on their walls."
2008-02-08 05:00:00+00:00,
2008-02-08 05:00:00+00:00,"In this latest flare-up of a dispute over money and energy in Eastern Europe, Gazprom threatened to halt fuel supplies unless Ukraine settled a $1.5 billion debt."
2008-02-08 05:00:00+00:00,
2008-02-08 05:00:00+00:00,
2008-02-08 05:00:00+00:00,
2008-02-08 05:00:00+00:00,
2008-02-08 05:00:00+00:00,
2008-02-08 05:00:00+00:00,
2008-02-08 12:24:02+00:00,
2008-02-08 13:16:42+00:00,
2008-02-08 15:39:47+00:00,Wall Street’s woe — falling stock prices and a shaky economy — may be affecting campaign fund-raising.
2008-02-08 18:11:10+00:00,
2008-02-08 19:35:36+00:00,
2008-02-08 20:26:01+00:00,
2008-02-08 21:33:08+00:00,
2008-02-09 05:00:00+00:00,
2008-02-09 05:00:00+00:00,
2008-02-09 05:00:00+00:00,
2008-02-09 05:00:00+00:00,
2008-02-09 05:00:00+00:00,"Alcatel-Lucent finished its first full year as a merged company with a net loss of 3.52 billion euros and sales of 17.79 billion euros, a 2.5 percent drop."
2008-02-09 05:00:00+00:00,
2008-02-09 05:00:00+00:00,
2008-02-10 05:00:00+00:00,
2008-02-10 05:00:00+00:00,
2008-02-10 05:00:00+00:00,
2008-02-10 05:00:00+00:00,Investors can alleviate whatever pain the stock market may cause by paying attention to tax issues as the year progresses.
2008-02-10 05:00:00+00:00,
2008-02-10 05:00:00+00:00,
2008-02-10 05:00:00+00:00,"While lower rates are always a positive for banks, the effects of the Fed’s cuts may not prompt an immediate rebound in profits at many banks."
2008-02-10 05:00:00+00:00,"If you get speeding tickets, watch out: The chances are good that you will also engage in possibly dangerous investing behavior, too, according to a new study."
2008-02-10 05:00:00+00:00,
2008-02-10 05:00:00+00:00,Among the newest sites where artists have transformed cheap space into a desirable destination is the designated Arts District in Jersey City.
2008-02-10 05:00:00+00:00,
2008-02-10 05:00:00+00:00,
2008-02-10 05:00:00+00:00,Disney is revamping one of its California theme parks by melding classic carnival games with virtual reality.
2008-02-10 05:00:00+00:00,"Buffeted by concerns about a weakening economy, the stock market fell last week after two weeks of gains."
2008-02-10 05:00:00+00:00,"Over five films and four decades the director George A. Romero’s slack-jawed undead have been our tour guides through a brainless, barbaric America."
2008-02-10 05:00:00+00:00,"Reacting to trouble in the housing and mortgage markets, Congress enacted measures late last year that will give tax breaks to some beleaguered home buyers."
2008-02-10 05:00:00+00:00,"Towns and villages on Long Island are encouraging developers to move toward more concentrated, and more vertical, residential development."
2008-02-10 05:00:00+00:00,
2008-02-10 05:00:00+00:00,"If you want to return from Istanbul with truly memorable souvenirs, head over to the winding streets of Cukurcuma, the city’s funky antiques district."
2008-02-11 02:41:45+00:00,
2008-02-11 05:00:00+00:00,
2008-02-11 05:00:00+00:00,
2008-02-11 05:00:00+00:00,
2008-02-11 05:00:00+00:00,
2008-02-11 05:00:00+00:00,Changes at The Wall Street Journal: movable deadlines and a new taste for models.
2008-02-11 05:00:00+00:00,
2008-02-11 05:00:00+00:00,
2008-02-11 05:00:00+00:00,
2008-02-11 05:00:00+00:00,
2008-02-11 05:00:00+00:00,
2008-02-11 05:00:00+00:00,"The auction of Getty Images, the distributor of pictures and video, appears to be in jeopardy, people briefed on the matter said on Sunday."
2008-02-11 05:00:00+00:00,
2008-02-11 12:20:43+00:00,
2008-02-11 12:24:56+00:00,
2008-02-11 12:39:16+00:00,
2008-02-11 16:05:00+00:00,
2008-02-12 05:00:00+00:00,
2008-02-12 05:00:00+00:00,
2008-02-12 05:00:00+00:00,
2008-02-12 05:00:00+00:00,"You would never know a recession might be under way from looking at Intuitive Surgical, the leader in medical robot technology."
2008-02-12 05:00:00+00:00,
2008-02-12 05:00:00+00:00,
2008-02-12 05:00:00+00:00,
2008-02-12 05:00:00+00:00,To the Editor:.
2008-02-12 05:00:00+00:00,"A $2 billion hedge fund fails, and there will be more, analysts say."
2008-02-12 05:00:00+00:00,
2008-02-12 05:00:00+00:00,
2008-02-12 05:00:00+00:00,
2008-02-12 05:00:00+00:00,"In one corner of Wall Street, money is still gushing. Early shareholders may be protected, but long-term investors may be the suckers."
2008-02-12 05:00:00+00:00,
2008-02-12 05:00:00+00:00,The offer to three bond guarantors would do little to alleviate the problems they face with riskier securities.
2008-02-12 05:00:00+00:00,A group of mortgage lenders will allow some homeowners facing foreclosure to delay losing their homes for 30 days.
2008-02-12 05:00:00+00:00,
2008-02-12 05:00:00+00:00,Accounting flaws at the insurance giant that understated the company’s losses raised new questions about the deteriorating health of financial companies.
2008-02-12 05:00:00+00:00,"Saying a slowing market had caused the swing to a loss, G.M. also announced a buyout offer to union employees."
2008-02-12 05:00:00+00:00,"Even borrowers with strong credit are falling behind on their payments for home loans, auto loans and credit cards at a quickening pace as home values fall."
2008-02-12 05:00:00+00:00,
2008-02-12 05:00:00+00:00,
2008-02-12 05:00:00+00:00,Several initial public offerings have been withdrawn in India in recent weeks as once-resilient investors rethink their commitment to India’s volatile stock markets.
2008-02-12 11:47:17+00:00,
2008-02-12 11:59:07+00:00,
2008-02-12 12:35:57+00:00,
2008-02-12 12:40:05+00:00,
2008-02-12 13:17:02+00:00,
2008-02-12 15:57:13+00:00,
2008-02-12 18:27:35+00:00,
2008-02-12 18:29:12+00:00,
2008-02-12 18:55:11+00:00,
2008-02-13 05:00:00+00:00,The billionaire investor made clear that his offer of a lifeline to three insurance companies battered by the subprime crisis would not come cheap.
2008-02-13 05:00:00+00:00,
2008-02-13 05:00:00+00:00,
2008-02-13 05:00:00+00:00,Analysts said President Bush’s plan to aid troubled homeowners facing foreclosure fell short of the broad reforms needed to help people meet mortgage payments.
2008-02-13 05:00:00+00:00,
2008-02-13 05:00:00+00:00,
2008-02-13 05:00:00+00:00,
2008-02-13 05:00:00+00:00,
2008-02-13 05:00:00+00:00,Restoring political and economic stability in Russia does not justify the setbacks to the rule of law and the systematic hounding of rivals and critics.
2008-02-13 05:00:00+00:00,
2008-02-13 05:00:00+00:00,
2008-02-13 05:00:00+00:00,"The buyout offer, which covers G.M.’s entire unionized work force, came as G.M. announced a $722 million fourth-quarter loss."
2008-02-13 05:00:00+00:00,
2008-02-13 05:00:00+00:00,
2008-02-13 05:00:00+00:00,Fire marshals investigated the cause of the Hunts Point blaze which caused millions of dollars in damage.
2008-02-13 05:00:00+00:00,Stocks rallied for the third day in a row as investors embraced the first positive economic news in weeks: an unexpected 0.3 percent climb in retail sales in January.
2008-02-13 05:00:00+00:00,The attorney general is looking into whether insurers forced patients to overpay for out-of-network doctors.
2008-02-13 05:00:00+00:00,
2008-02-13 05:00:00+00:00,
2008-02-13 05:00:00+00:00,The Intrade Web site has become expert at predicting election results. Or has it?
2008-02-13 05:00:00+00:00,"Credit Suisse is weathering the credit crisis better than its larger rival, UBS, which wrote down $14 billion in the same period."
2008-02-13 05:00:00+00:00,
2008-02-13 05:00:00+00:00,
2008-02-13 12:07:35+00:00,
2008-02-13 12:21:52+00:00,
2008-02-13 12:51:51+00:00,
2008-02-13 13:00:50+00:00,
2008-02-13 18:21:59+00:00,
2008-02-13 20:48:55+00:00,
2008-02-13 23:21:16+00:00,"The 10-year, $7.5 billion New Housing Marketplace plan is supposed to create or preserve 165,000 units of affordable housing by 2013. A panel of experts discussed whether it was on track."
2008-02-13 23:34:02+00:00,"Yahoo is searching for any alternative to being swallowed by Microsoft. It has been talking to News Corporation, Time Warner and Google, among others. None of these talks appear likely to be able to fend off a deal with Microsoft."
2008-02-14 05:00:00+00:00,
2008-02-14 05:00:00+00:00,
2008-02-14 05:00:00+00:00,"Stocks rallied on Wednesday, sending the Dow Jones industrials up nearly 180 points, after reports of an unexpected climb in January retail sales."
2008-02-14 05:00:00+00:00,"While continuing to avoid predictions of a recession, Ben S. Bernanke told a Senate panel on Thursday that the economic outlook had worsened."
2008-02-14 05:00:00+00:00,
2008-02-14 05:00:00+00:00,"William Harvey’s handmade house in Williamsburg, Brooklyn, is a unique perch from which to watch a changing neighborhood."
2008-02-14 05:00:00+00:00,
2008-02-14 05:00:00+00:00,
2008-02-14 05:00:00+00:00,
2008-02-14 05:00:00+00:00,
2008-02-14 05:00:00+00:00,
2008-02-14 11:33:04+00:00,
2008-02-14 11:37:36+00:00,
2008-02-14 12:08:30+00:00,
2008-02-14 12:15:09+00:00,
2008-02-14 12:31:21+00:00,
2008-02-14 12:32:52+00:00,
2008-02-14 14:45:18+00:00,
2008-02-14 19:26:59+00:00,
2008-02-15 05:00:00+00:00,
2008-02-15 05:00:00+00:00,"Washington’s Birthday, actually Feb. 22, will be observed."
2008-02-15 05:00:00+00:00,
2008-02-15 05:00:00+00:00,Plans for a London building designed by Zaha Hadid have been dropped as a result of the credit crunch that began with the subprime mortgage collapse.
2008-02-15 05:00:00+00:00,"The real estate market these days is a tale of two Americas, and one of them is not doing too badly."
2008-02-15 05:00:00+00:00,
2008-02-15 05:00:00+00:00,
2008-02-15 05:00:00+00:00,Both Ben S. Bernanke and Henry M. Paulson Jr. said they were scaling back their more optimistic forecasts.
2008-02-15 05:00:00+00:00,"Who is the middle-class millionaire? For starters he or she is someone whom Russ Alan Prince and Lewis Schiff, authors of this woefully ill-timed book, would like to flatter."
2008-02-15 12:32:15+00:00,
2008-02-16 05:00:00+00:00,"Fidelity Investments is welcoming new shareholders into its venerable Magellan fund after shutting them out for a decade. But, should you accept the invitation?"
2008-02-16 05:00:00+00:00,"Prices of necessities are up sharply over the past year, meaning that those items consume more and more of the household budget, leaving less for other things."
2008-02-16 05:00:00+00:00,High-definition DVD died Friday after a brief illness. The cause of death was the decision by Wal-Mart to stock only HD DVDs and players using the Blu-ray format.
2008-02-17 05:00:00+00:00,What should an individual investor do when the domestic and foreign stock markets are shaky? One adviser says: Don’t try anything fancy.
2008-02-17 05:00:00+00:00,"Before the die-cast market took off in the early 1990s, few models from the legends before then, including Richard Petty, were made and even fewer are still around."
2008-02-17 05:00:00+00:00,The market for credit insurance will be put to the test as a looming economic downturn strains companies’ finances.
2008-02-17 05:00:00+00:00,
2008-02-17 05:00:00+00:00,"Washington’s Birthday, actually Feb. 22, will be observed."
2008-02-17 05:00:00+00:00,"Amid all the talk of an economic slowdown, Wall Street stock analysts are forecasting a stellar year for corporate profit growth."
2008-02-17 05:00:00+00:00,"By one rough estimate, Sandra Boynton has sold around a half-billion cards, which may make her one of the best-selling card creators of all time."
2008-02-17 05:00:00+00:00,"Despite its gorgeous, blond-maple veneers and breathtaking prices, BLT Steak in White Plains still has the by-the-numbers feel of a franchise."
2008-02-17 05:00:00+00:00,
2008-02-17 05:00:00+00:00,The credit crisis appears to be knocking on the doors of commercial educators.
2008-02-17 05:00:00+00:00,To the Editor:.
2008-02-17 05:00:00+00:00,"Despite a decline on Thursday and Friday over worries about the economy, the stock market gained ground last week."
2008-02-18 05:00:00+00:00,"The mortgage market may be in a historic upheaval, but mortgage companies continue to pump out upbeat advertisements."
2008-02-18 05:00:00+00:00,
2008-02-18 05:00:00+00:00,
2008-02-18 05:00:00+00:00,
2008-02-18 05:00:00+00:00,
2008-02-18 05:00:00+00:00,
2008-02-18 05:00:00+00:00,
2008-02-18 05:00:00+00:00,"The holiday, actually Feb. 22, will be observed."
2008-02-18 05:00:00+00:00,
2008-02-19 05:00:00+00:00,"HP’s first-quarter net income grew 38 percent to $2.1 billion, as revenue climbed 13 percent to $28.5 billion, beating the muted expectations of Wall Street analysts."
2008-02-19 05:00:00+00:00,
2008-02-19 05:00:00+00:00,
2008-02-19 05:00:00+00:00,
2008-02-19 05:00:00+00:00,
2008-02-19 05:00:00+00:00,Crude oil vaulted through a psychological barrier amid concern about whether production can keep up with rising global demand.
2008-02-19 05:00:00+00:00,Qatar is buying shares in Credit Suisse and plans to spend as much as $15 billion on European and American bank stocks over the next year.
2008-02-19 05:00:00+00:00,
2008-02-19 05:00:00+00:00,
2008-02-19 05:00:00+00:00,
2008-02-19 05:00:00+00:00,
2008-02-19 05:00:00+00:00,
2008-02-19 05:00:00+00:00,The bank said the write-down cut $1 billion from its profit and that it had suspended traders for errors.
2008-02-19 05:00:00+00:00,
2008-02-19 05:00:00+00:00,
2008-02-19 05:00:00+00:00,
2008-02-19 05:00:00+00:00,
2008-02-19 05:00:00+00:00,
2008-02-19 10:36:01+00:00,
2008-02-19 11:52:29+00:00,
2008-02-19 12:03:44+00:00,
2008-02-19 12:09:24+00:00,
2008-02-19 12:14:24+00:00,
2008-02-19 12:29:57+00:00,
2008-02-19 12:45:46+00:00,
2008-02-19 12:53:17+00:00,
2008-02-20 05:00:00+00:00,
2008-02-20 05:00:00+00:00,
2008-02-20 05:00:00+00:00,
2008-02-20 05:00:00+00:00,
2008-02-20 05:00:00+00:00,The news was a reminder of the difficulty banks are now facing in valuing complicated financial instruments.
2008-02-20 05:00:00+00:00,
2008-02-20 05:00:00+00:00,
2008-02-20 05:00:00+00:00,"H.P.’s first-quarter net income grew 38 percent to $2.1 billion, as revenue climbed 13 percent to $28.5 billion, beating the muted expectations of Wall Street analysts."
2008-02-20 05:00:00+00:00,"MBIA replaced its chief executive with its retired chairman, Joseph W. Brown Jr., who said he would consider splitting up the firm’s insurance business."
2008-02-20 05:00:00+00:00,
2008-02-20 05:00:00+00:00,"Martha Stewart Living Omnimedia bought portions of Emeril Lagasse’s franchise for $45 million in cash and $5 million in stock, her company’s first major acquisition."
2008-02-20 05:00:00+00:00,
2008-02-20 05:00:00+00:00,The forecast implies that the economy will be almost stagnant until a boost from the stimulus package and rate cuts is felt in the second half of this year.
2008-02-20 05:00:00+00:00,
2008-02-20 05:00:00+00:00,"The Japanese electronics giant threw in the towel on its HD DVD technology, announcing that it would no longer develop, produce or market disc players for the format."
2008-02-20 05:00:00+00:00,
2008-02-20 05:00:00+00:00,
2008-02-20 05:00:00+00:00,"As municipal bond auctions fail, it is becoming clear that the auction-rate market is in crisis and chaos, and many securities may never have a successful auction again."
2008-02-20 05:00:00+00:00,"The Japanese electronics giant threw in the towel on its HD DVD technology, announcing that it would no longer develop, produce or market disc players for the format."
2008-02-20 05:00:00+00:00,Crude oil vaulted through a longstanding psychological barrier amid persistent concern about whether production can keep up with rising global demand.
2008-02-20 05:00:00+00:00,
2008-02-20 05:00:00+00:00,"Tangles in business partnerships can be avoided with a buy-sell agreement: a business prenup or a postnup, depending on when owners draft it."
2008-02-20 05:00:00+00:00,
2008-02-20 05:00:00+00:00,
2008-02-20 05:00:00+00:00,
2008-02-20 05:00:00+00:00,"Small dairy farmers, unable to keep afloat selling milk to large processors, are turning to alternatives such as making butter, yogurt and crème fraîche."
2008-02-20 05:00:00+00:00,
2008-02-20 11:41:37+00:00,
2008-02-20 11:55:04+00:00,
2008-02-20 12:11:45+00:00,
2008-02-20 12:15:19+00:00,
2008-02-20 12:36:58+00:00,
2008-02-20 15:24:36+00:00,
2008-02-20 18:45:23+00:00,
2008-02-20 19:59:31+00:00,Some oddsmakers are writing off the candicacy of Hillary Clinton.
2008-02-20 21:30:06+00:00,
2008-02-21 05:00:00+00:00,KKR Financial Holdings said it has delayed payment on millions in loans and opened debt restructuring talks with creditors.
2008-02-21 05:00:00+00:00,
2008-02-21 05:00:00+00:00,
2008-02-21 05:00:00+00:00,An investigation has found that Jérôme Kerviel began making unauthorized bets in 2005 that Société Générale’s internal controls failed to uncover.
2008-02-21 05:00:00+00:00,"The United States has not faced stagflation, the mix of slumping growth and oil and food price spikes, in decades."
2008-02-21 05:00:00+00:00,
2008-02-21 05:00:00+00:00,
2008-02-21 05:00:00+00:00,
2008-02-21 05:00:00+00:00,
2008-02-21 11:47:52+00:00,
2008-02-21 11:58:59+00:00,
2008-02-21 12:02:36+00:00,
2008-02-21 12:09:51+00:00,
2008-02-21 16:08:18+00:00,"The stock market has shown some resilience. but the credit markets continue to falter, CNBC's David Faber reports."
2008-02-21 23:41:19+00:00,
2008-02-22 05:00:00+00:00,Dozens of trade publications are going up for sale as the publishing company Reed Elsevier looks to get out of the uncertain advertising market.
2008-02-22 05:00:00+00:00,"In financial crises of the past, financial chiefs have managed to find a cooperative way to turn things around. These days, they seem afraid to do anything."
2008-02-22 05:00:00+00:00,"Running Toyota might seem to be Akio Toyoda’s birthright, but it is not guaranteed."
2008-02-22 05:00:00+00:00,"Earnings for 2007 were 10.65 billion Swiss francs ($9.7 billion), up from 9.2 billion francs a year earlier, beating analysts’ forecasts."
2008-02-22 05:00:00+00:00,
2008-02-22 05:00:00+00:00,"While there are many things to blame for the current economic crisis, one factor that has received little attention is America’s low savings rate."
2008-02-22 05:00:00+00:00,"After dealing in antique Chinese costumes and textiles for 30 years, Linda Wrigglesworth is selling her stock at Christie’s New York on March 19."
2008-02-22 05:00:00+00:00,
2008-02-22 05:00:00+00:00,An obscure pressure point in the credit squeeze popped up this week when a boutique investment bank in Houston held a “public auction” for dozens of the most arcane products in the financial world.
2008-02-22 12:14:48+00:00,
2008-02-22 12:16:35+00:00,
2008-02-22 12:33:03+00:00,
2008-02-22 12:48:35+00:00,
2008-02-22 17:40:50+00:00,
2008-02-22 19:42:43+00:00,
2008-02-23 05:00:00+00:00,The F.D.A.’s decision appeared to lower the bar slightly for approval of certain cancer drugs.
2008-02-23 05:00:00+00:00,"Even Hunter Douglas, the leader in the custom window coverings industry, is not immune from the housing slowdown and the current economy."
2008-02-23 05:00:00+00:00,"Germany has become the promotional hub for boxers from the former Soviet Union, turning the traditional wellspring of skilled amateur boxers into a source of professional powerhouses as well."
2008-02-23 05:00:00+00:00,"After breakneck growth the last three years, Texas has surpassed California as the top state for wind power."
2008-02-23 05:00:00+00:00,"Ambac Financial Group plans to split itself in two and raise $3 billion, a person who has seen the plan said on Friday. The move could help restore confidence in the credit markets."
2008-02-24 05:00:00+00:00,"There’s a school of style slut (and I’ll own up to being a member) that likes to believe changes in fashion reflect broader shifts in society, geopolitics, the arts, the economy and so on. Maybe it makes us feel less guilty about spending quite so..."
2008-02-24 05:00:00+00:00,The state’s unexpectedly sharp economic knock is a reminder of how global and local are intertwined.
2008-02-24 05:00:00+00:00,"A two-time N.B.A. All-Star, Baron Davis has a couple of other jobs: movie producer and movie critic."
2008-02-24 05:00:00+00:00,"About 300,000 people live in New York City and make their way to jobs in the suburbs every day, part of a fast-growing segment of the work force."
2008-02-24 05:00:00+00:00,"A confluence of economic circumstances is blamed for the dismal performance of mortgage REITs, but a handful of them is thriving as the economy falters."
2008-02-24 05:00:00+00:00,"Before retiring on March 1, Marilyn Carlson Nelson will celebrate the 70th anniversary of Carlson, the travel, lodging and restaurant business that her father founded."
2008-02-24 05:00:00+00:00,"Reviews of new visual books about the Mad magazine cartoonist Basil Wolverton; Hergé, the creator of Tintin; Times Square; and art deco in Havana."
2008-02-24 05:00:00+00:00,The behavior of the markets at their October peak raises hope that the recent decline may not turn out to be severe — and that it may have already run its course.
2008-02-24 05:00:00+00:00,Hints of stagflation and continuing worries about slumping growth weighed on investors as the major stock indexes ended an erratic week of ups and downs.
2008-02-24 05:00:00+00:00,"The spring season’s small crop of new musicals is intriguingly diverse, signifying how the definition of the Broadway musical continues to expand."
2008-02-25 03:29:43+00:00,"Translation of Electronic Arts offer for Take TwoInteractive: let’s test the market and find out whether Take Two investors, many of them doubtless frustrated by the ups and downs of Take Two’s struggles the last few years, might be tempted to tak..."
2008-02-25 05:00:00+00:00,
2008-02-25 05:00:00+00:00,
2008-02-25 05:00:00+00:00,
2008-02-25 05:00:00+00:00,
2008-02-25 05:00:00+00:00,
2008-02-25 05:00:00+00:00,
2008-02-25 05:00:00+00:00,The move by Visa would be the biggest initial public offering for an American company in spite of months of market turbulence.
2008-02-25 05:00:00+00:00,"Move over, Maria from “West Side Story.” A campaign for a coffee marketer is proclaiming that feeling pretty is overrated when it comes to your morning cup of joe."
2008-02-25 05:00:00+00:00,
2008-02-25 05:00:00+00:00,
2008-02-25 11:28:10+00:00,
2008-02-25 12:55:48+00:00,
2008-02-25 13:15:48+00:00,
2008-02-25 13:43:38+00:00,
2008-02-25 15:57:00+00:00,Graphics Director Steve Duenes is answering questions Feb. 25-29.
2008-02-25 17:12:47+00:00,
2008-02-25 19:20:49+00:00,
2008-02-25 19:33:48+00:00,The Leafs’ Mats Sundin put a bit of a damper on trade deadline fever by refusing to waive his no-trade clause — he loves Toronto that much — but other big names figure to be on the move over the next 24 hours or so.
2008-02-26 05:00:00+00:00,New data provided fresh evidence of the housing market’s slump even as the broader economy is squeezed by higher prices.
2008-02-26 05:00:00+00:00,An explanation of why deals fail: It’s about timing.
2008-02-26 05:00:00+00:00,
2008-02-26 05:00:00+00:00,
2008-02-26 05:00:00+00:00,The world’s biggest photo and video distributor agreed to sell itself to the private equity firm Hellman & Friedman.
2008-02-26 05:00:00+00:00,
2008-02-26 05:00:00+00:00,
2008-02-26 05:00:00+00:00,
2008-02-26 05:00:00+00:00,
2008-02-26 05:00:00+00:00,
2008-02-26 05:00:00+00:00,Signs that two embattled bond insurance companies are getting close to restoring their reputations and credit ratings bolstered stocks on Monday.
2008-02-26 05:00:00+00:00,
2008-02-26 05:00:00+00:00,A top official of the European Union has warned the bloc’s member countries not to pass broad laws to restrict investment from sovereign wealth funds.
2008-02-26 05:00:00+00:00,"Undaunted by recent turbulence in the financial markets, Visa Inc., the nation’s biggest credit card network, said Monday that it would forge ahead with what would be the largest initial public stock offering in United States history."
2008-02-26 05:00:00+00:00,
2008-02-26 12:21:09+00:00,
2008-02-26 12:25:57+00:00,
2008-02-26 13:51:33+00:00,
2008-02-26 17:03:15+00:00,
2008-02-26 17:35:21+00:00,
2008-02-27 05:00:00+00:00,
2008-02-27 05:00:00+00:00,
2008-02-27 05:00:00+00:00,
2008-02-27 05:00:00+00:00,"Losses are mounting so rapidly at some banks that a small number of them, perhaps 50 out of the 7,500 nationwide, could fail over the next 12 to 18 months."
2008-02-27 05:00:00+00:00,"Mr. Buckley marshaled a refined, perspicacious mind to elevate conservatism to the center of American political discourse."
2008-02-27 05:00:00+00:00,
2008-02-27 05:00:00+00:00,
2008-02-27 05:00:00+00:00,"Each fashion show is like an unusually complex piece of 15-minute theater, and typically there are eight every day."
2008-02-27 05:00:00+00:00,Investors were spooked by a report by the research firm comScore that said clicks on Google ads in the United States were flat in January.
2008-02-27 05:00:00+00:00,
2008-02-27 05:00:00+00:00,
2008-02-27 05:00:00+00:00,"The department store company Macy’s said that lower costs sent fourth-quarter profit up more than analysts had expected, while Target reported that its sales declined."
2008-02-27 05:00:00+00:00,"“Le Paty” is a five-bedroom stone house among olive, oak and pine trees in the Luberon Regional Nature Park in France."
2008-02-27 05:00:00+00:00,The confluence of falling home prices and accelerating inflation is putting policy makers in an increasingly tough position.
2008-02-27 05:00:00+00:00,
2008-02-27 06:55:53+00:00,"The dust is still settling from the trade frenzy, and we ask 27 members of our Hockey Night in Blogdom crew across North America: thumbs up or thumbs down on your team’s deals?"
2008-02-27 11:57:43+00:00,
2008-02-27 12:06:29+00:00,
2008-02-27 12:31:52+00:00,
2008-02-28 05:00:00+00:00,
2008-02-28 05:00:00+00:00,"After decades in the shadows, the Abu Dhabi Investment Authority is turning heads by making high-profile investments across the globe."
2008-02-28 05:00:00+00:00,
2008-02-28 05:00:00+00:00,
2008-02-28 05:00:00+00:00,"In Margaret B. Jones’s new memoir, an intimate portrait of gangland Los Angeles, she describes tenderness and love between people as well as the rites and details of domestic life."
2008-02-28 05:00:00+00:00,"Mr. Buckley marshaled polysyllabic exuberance and a refined, perspicacious mind to elevate conservatism to the center of American political discourse."
2008-02-28 05:00:00+00:00,
2008-02-28 05:00:00+00:00,
2008-02-28 05:00:00+00:00,"Cosmetic companies and retailers increasingly aim their sophisticated products and service packages squarely at 6- to 9-year-olds, who are being transformed into savvy beauty consumers before they’re out of elementary school."
2008-02-28 05:00:00+00:00,Differing statements from the factory owner and traders highlight the difficulty of tracing the supply chain in China for the blood-thinner heparin.
2008-02-28 05:00:00+00:00,
2008-02-28 05:00:00+00:00,"A year after it began a fundamental transformation of its basic formula, Dell reported that its net income in its fiscal fourth quarter fell 6 percent to $679 million."
2008-02-28 05:00:00+00:00,
2008-02-28 05:00:00+00:00,
2008-02-28 05:00:00+00:00,
2008-02-28 05:00:00+00:00,
2008-02-28 05:00:00+00:00,
2008-02-28 05:00:00+00:00,
2008-02-28 11:36:23+00:00,
2008-02-28 13:30:34+00:00,
2008-02-28 17:45:33+00:00,
2008-02-29 05:00:00+00:00,
2008-02-29 05:00:00+00:00,
2008-02-29 05:00:00+00:00,
2008-02-29 05:00:00+00:00,
2008-02-29 05:00:00+00:00,Industry analysts say it has become more important than ever to understand the psyche of consumers.
2008-02-29 05:00:00+00:00,
2008-02-29 05:00:00+00:00,
2008-02-29 05:00:00+00:00,The Dow Jones industrials closed down more than 300 points after weak economic data reignited fears of an imminent recession.
2008-02-29 05:00:00+00:00,
2008-02-29 05:00:00+00:00,
2008-02-29 05:00:00+00:00,
2008-02-29 05:00:00+00:00,"Faced with the loss of patent protection for its antidepressant Effexor XR, Wyeth received federal approval for a follow-on drug, Pristiq, that the company hopes will also become a blockbuster."
2008-02-29 05:00:00+00:00,Selective listings from art critics of The New York Times.
2008-02-29 05:00:00+00:00,"For nearly two decades Evan Dooley quietly made a living trading commodities like wheat in his home state, Tennessee, far from the hurly-burly of Wall Street."
2008-02-29 05:00:00+00:00,The computer company has been trying to make a fundamental strategic shift in order to restore its reputation for strong growth and high profit margins
2008-02-29 05:00:00+00:00,"Rising prices are forcing Americans to spend more and save less, even as income growth slows, reports showed."
2008-02-29 13:00:07+00:00,
2008-03-01 05:00:00+00:00,
2008-03-01 05:00:00+00:00,
2008-03-01 05:00:00+00:00,
2008-03-01 05:00:00+00:00,"Tourism is one of Kenya’s biggest industries but the violence that exploded after a flawed election in December has eviscerated the business, with bookings down 80 to 90 percent in most areas."
2008-03-01 05:00:00+00:00,
2008-03-01 05:00:00+00:00,
2008-03-01 05:00:00+00:00,
2008-03-01 05:00:00+00:00,"IF the University of Wisconsin business school ever writes a case study about itself, the lesson may be that some things are more valuable unsold."
2008-03-01 05:00:00+00:00,
2008-03-01 05:00:00+00:00,
2008-03-01 05:00:00+00:00,
2008-03-01 05:00:00+00:00,"Widespread calls by political leaders to overhaul the health care system have hit the stocks, as has consternation over the feeble state of the industry leaders’ pipelines."
2008-03-01 05:00:00+00:00,"Warren Buffett’s annual letter to shareholders, which was released Friday, has become something of a business institution, with the hope that he will shed light on his investments."
2008-03-01 05:00:00+00:00,The Standard and Poor’s 500-stock index and the Dow Jones industrial average capped their worst four months since 2002.
2008-03-01 05:00:00+00:00,
2008-03-01 05:00:00+00:00,
2008-03-01 05:00:00+00:00,"Faced with the looming loss of patent protection for its top-selling drug, the antidepressant Effexor XR, Wyeth received federal approval on Friday for a successor drug, Pristiq."
2008-03-01 05:00:00+00:00,
2008-03-01 05:00:00+00:00,
2008-03-01 05:00:00+00:00,
2008-03-02 05:00:00+00:00,
2008-03-02 05:00:00+00:00,Why do the owners of so many lousy sports teams refuse to let go? Because there are other ways to end up a winner.
2008-03-02 05:00:00+00:00,
2008-03-02 05:00:00+00:00,Two new works look at Russia’s economic progress as Dmitri A. Medvedev succeeds Vladimir Putin in the presidency.
2008-03-02 05:00:00+00:00,"If people do not see any risk, and see only the prospect of outsized investment returns, they will pursue those returns with disregard for the risks."
2008-03-02 05:00:00+00:00,
2008-03-02 05:00:00+00:00,"On Wall Street these days, leading strategists are looking to the past to try to explain what lies ahead for the stock market in 2008."
2008-03-02 05:00:00+00:00,"In spite of the Federal Reserve’s efforts to fight off a recession, a consumer-led recession has already begun."
2008-03-02 05:00:00+00:00,Whatever became of the much-ballyhooed Fed rally?
2008-03-02 05:00:00+00:00,"Selling may be the reflexive response by shareholders who have watched the value of their assets decline, but investment advisers contend that they should consider buying instead."
2008-03-02 05:00:00+00:00,
2008-03-02 05:00:00+00:00,"After a sparkling start to the week, stocks plummeted on Friday, pulling the market down for the week and for the fourth consecutive month."
2008-03-02 05:00:00+00:00,"Workers are getting fewer hours, and those without jobs are staying unemployed longer or accepting lower pay."
2008-03-02 05:00:00+00:00,Custom landscapes have been appearing like pop-up-book fairylands at the command of homeowners and developers who think big. And fast.
2008-03-02 05:00:00+00:00,
2008-03-03 05:00:00+00:00,
2008-03-03 05:00:00+00:00,
2008-03-03 05:00:00+00:00,"The ailing retailer seeks to revive slumping sales with a new media campaign with the theme, “Reimagine You.”"
2008-03-03 05:00:00+00:00,Stocks ended flat on Wall Street in a meandering day as record lows for the dollar and all-time high prices for oil and gold were offset by a better-than expected report on the manufacturing sector.
2008-03-03 05:00:00+00:00,
2008-03-03 05:00:00+00:00,
2008-03-03 05:00:00+00:00,
2008-03-03 05:00:00+00:00,
2008-03-03 05:00:00+00:00,
2008-03-03 05:00:00+00:00,
2008-03-03 05:00:00+00:00,
2008-03-03 05:00:00+00:00,Asian stocks dropped and the U.S. dollar fell to a three-year low against the yen on speculation the Fed may lower rates further to soften a possible recession.
2008-03-03 05:00:00+00:00,The Bush administration joined with the European Union in filing suit with the World Trade Organization to protest China’s rules governing foreign financial news services.
2008-03-03 05:00:00+00:00,
2008-03-03 11:30:04+00:00,
2008-03-03 11:43:52+00:00,
2008-03-03 14:33:09+00:00,
2008-03-03 19:03:32+00:00,
2008-03-03 22:18:24+00:00,
2008-03-04 05:00:00+00:00,
2008-03-04 05:00:00+00:00,
2008-03-04 05:00:00+00:00,"Stocks meandered to a flat close Monday, as investors sought shelter in the traditional havens of gold, silver and commodities."
2008-03-04 05:00:00+00:00,
2008-03-04 05:00:00+00:00,"A trail of deals done, and a deal with EMI that was not done."
2008-03-04 05:00:00+00:00,
2008-03-04 05:00:00+00:00,
2008-03-04 05:00:00+00:00,The United States and the E.U. are protesting China’s requirement that foreign financial news services operate through a government-designated distributor.
2008-03-04 05:00:00+00:00,"Figuring out what to pay your employees can be one of the most difficult things a small business owner has to do, but it is important to get it right."
2008-03-04 05:00:00+00:00,
2008-03-04 05:00:00+00:00,"A 4-to-4 vote left the Supreme Court unable to decide a pharmaceutical pre-emption case, permitting a lawsuit to proceed against the Warner-Lambert Company, the maker of the diabetes drug Rezulin."
2008-03-04 05:00:00+00:00,
2008-03-04 05:00:00+00:00,
2008-03-04 05:00:00+00:00,
2008-03-04 05:00:00+00:00,The typical American corporation probably has increased its savings enough to completely pay off its debts.
2008-03-04 05:00:00+00:00,"On a cold day in January, Dan Stoicescu became the second person in the world to buy the full sequence of his own genetic code."
2008-03-04 05:00:00+00:00,
2008-03-04 05:00:00+00:00,A new line of shaving gels could have consumers asking: Is it a shaving gel or is it a night light?
2008-03-04 05:00:00+00:00,
2008-03-04 05:00:00+00:00,"Security lines, delays and the removal of the guaranteed-seat policy have undermined the shuttles’ basic quick-turnaround formula."
2008-03-04 05:00:00+00:00,
2008-03-04 05:00:00+00:00,Patients might not like the new admission procedure at a growing number of hospitals: having an elongated Q-Tip stuck up their noses. But it smells great to Cepheid.
2008-03-04 05:00:00+00:00,
2008-03-04 05:00:00+00:00,
2008-03-04 11:49:17+00:00,
2008-03-04 12:32:24+00:00,
2008-03-04 15:05:27+00:00,
2008-03-04 17:42:33+00:00,
2008-03-05 05:00:00+00:00,
2008-03-05 05:00:00+00:00,
2008-03-05 05:00:00+00:00,"Investors and analysts have urged a breakup of Citigroup, saying the company has become too unwieldy to be managed effectively."
2008-03-05 05:00:00+00:00,
2008-03-05 05:00:00+00:00,"As it scrambles to avoid defeat in its battle with Microsoft, Yahoo may try to seek more time to find other partners or persuade Microsoft to raise its offer."
2008-03-05 05:00:00+00:00,
2008-03-05 05:00:00+00:00,The bond insurer announced plans to sell $1.5 billion of common stock and equity units to shore up its capital base. Investors had been expecting a bigger bank-led bailout plan.
2008-03-05 05:00:00+00:00,
2008-03-05 05:00:00+00:00,"Americans filed for bankruptcy in growing numbers in February, buckling under the combined weight of rising energy prices, a weakening housing market and high personal debts."
2008-03-05 05:00:00+00:00,"JBS S.A., the world’s biggest beef producer, agreed to pay $1.27 billion in cash and stock for assets in the United States and Australia, including the beef unit of the pork producer Smithfield Foods."
2008-03-05 05:00:00+00:00,"In a move that could delay a proxy contest, Yahoo said it was extending the deadline for nominating directors to its board."
2008-03-05 05:00:00+00:00,
2008-03-05 05:00:00+00:00,Australia’s central bank raised interest rates to a 12-year high in another attempt to contain inflationary pressures in an economy fueled by China’s hunger for resources.
2008-03-05 05:00:00+00:00,
2008-03-05 05:00:00+00:00,
2008-03-05 05:00:00+00:00,The most relevant lesson to take from Japan’s economy in the 1990s was that the interplay between financial and real economic bubbles causes serious damage.
2008-03-05 05:00:00+00:00,
2008-03-05 05:00:00+00:00,"A trio of firms is seeking to promote a concept called cloud computing, in which companies keep their corporate data, confidential and otherwise, online."
2008-03-05 05:00:00+00:00,
2008-03-05 11:34:38+00:00,
2008-03-05 11:52:05+00:00,
2008-03-05 11:56:22+00:00,
2008-03-05 12:00:09+00:00,
2008-03-05 12:33:41+00:00,
2008-03-05 16:35:38+00:00,
2008-03-05 19:03:39+00:00,"Instead of negotiating separately with News Corporation and Time Warner, it might make sense for Yahoo to consider a deal in which it merges with both AOL and MySpace to create a social media and advertising powerhouse."
2008-03-06 05:00:00+00:00,Stock markets fell sharply amid renewed anxiety about the availability of bank loans — and fears that the Federal Reserve may be unable to curb the credit slump.
2008-03-06 05:00:00+00:00,"Foreclosures surged at the end of the last year on adjustable-rate mortgages, an industry group reported."
2008-03-06 05:00:00+00:00,
2008-03-06 05:00:00+00:00,
2008-03-06 05:00:00+00:00,
2008-03-06 05:00:00+00:00,
2008-03-06 05:00:00+00:00,
2008-03-06 05:00:00+00:00,"A bid to bolster the Ambac Financial Group, the troubled bond insurance company, fell flat on Wednesday, sending the company’s stock tumbling."
2008-03-06 05:00:00+00:00,
2008-03-06 05:00:00+00:00,
2008-03-06 05:00:00+00:00,
2008-03-06 05:00:00+00:00,
2008-03-06 05:00:00+00:00,
2008-03-06 05:00:00+00:00,"Trump Entertainment Resorts, the casino company founded by Donald J. Trump, posted on Wednesday its biggest loss since emerging from bankruptcy in 2005."
2008-03-06 05:00:00+00:00,"The Carlyle Capital Corporation, which invests mainly in triple-A rated mortgage securities, became the latest investment firm to run into trouble amid deteriorating credit markets."
2008-03-06 05:00:00+00:00,
2008-03-06 05:00:00+00:00,
2008-03-06 05:00:00+00:00,Record oil prices are suddenly creating the sharpest tensions in years between the oil cartel and the U.S.
2008-03-06 05:00:00+00:00,
2008-03-06 05:00:00+00:00,
2008-03-06 05:00:00+00:00,
2008-03-06 05:00:00+00:00,
2008-03-06 05:00:00+00:00,
2008-03-06 11:58:23+00:00,
2008-03-06 12:21:03+00:00,
2008-03-06 12:36:44+00:00,
2008-03-06 12:40:27+00:00,
2008-03-06 12:45:17+00:00,
2008-03-06 12:51:41+00:00,
2008-03-06 16:19:00+00:00,"In this lesson, students share opinions about the ideal characteristics of customer service representatives. They then prepare skits highlighting the do’s and don’ts of service encounters and prepare model avatars for online customer service repre..."
2008-03-06 19:31:39+00:00,
2008-03-07 02:22:16+00:00,
2008-03-07 05:00:00+00:00,
2008-03-07 05:00:00+00:00,
2008-03-07 05:00:00+00:00,
2008-03-07 05:00:00+00:00,
2008-03-07 05:00:00+00:00,"The home improvement chain is planning what may be its most ambitious annual spring marketing campaign, which gets under way on Sunday."
2008-03-07 05:00:00+00:00,The panel was examining if Wall Street’s compensation philosophy contributed to the mortgage boom.
2008-03-07 05:00:00+00:00,
2008-03-07 05:00:00+00:00,"Shares of Sallie Mae, the nation’s largest source of student loans, have lost more than half their value since December."
2008-03-07 05:00:00+00:00,
2008-03-07 05:00:00+00:00,
2008-03-07 05:00:00+00:00,"Athenaeums, historic membership libraries, play a vibrant role in the cultural lives of their communities."
2008-03-07 05:00:00+00:00,"Investors sought absolute safety, even moving away from debt issued by two government-sponsored mortgage lending enterprises."
2008-03-07 05:00:00+00:00,"Carlyle Capital said it was “considering all available options” after it received further margin calls, prompting analysts to warn that more funds could struggle to meet tighter margin requirements."
2008-03-07 05:00:00+00:00,A discouraging employment report revived fears among investors that the nation may already be in a recession.
2008-03-07 05:00:00+00:00,The decline in the market that started Thursday morning in Europe and accelerated in New York hit the Asian markets hard in early trading Friday.
2008-03-07 05:00:00+00:00,
2008-03-07 05:00:00+00:00,The figures are expected to increase pressure on policy makers and the mortgage industry to move faster to contain losses and help homeowners.
2008-03-07 05:00:00+00:00,
2008-03-07 05:00:00+00:00,
2008-03-07 05:00:00+00:00,"When Société Générale moved its $9.7 billion loss from 2008 — when it occurred — to 2007, it created a furor in accounting circles about whether standards can be evenly applied."
2008-03-07 05:00:00+00:00,
2008-03-07 05:00:00+00:00,Renewed anxiety about the availability of bank loans sent shares down sharply on Thursday.
2008-03-07 05:00:00+00:00,
2008-03-07 11:31:13+00:00,
2008-03-07 11:35:17+00:00,
2008-03-07 11:48:53+00:00,
2008-03-07 12:00:06+00:00,
2008-03-07 12:07:07+00:00,
2008-03-07 12:17:38+00:00,
2008-03-07 15:26:05+00:00,
2008-03-07 22:03:23+00:00,
2008-03-08 05:00:00+00:00,"The problem, investors said on Friday, is that the credit market remains gravely ill, no matter what type of medicine is thrown at it."
2008-03-08 05:00:00+00:00,Three prominent executives defended the multimillion-dollar pay they received even as their firms struggled through the spreading credit crisis.
2008-03-08 05:00:00+00:00,"The investment bank announced its two co-presidents would receive $67.5 million each, a 27 percent pay increase."
2008-03-08 05:00:00+00:00,"The Ides of March has arrived early for the buyout lords of Wall Street, as the intensifying credit crisis humbles some of the industry’s once-celebrated deal makers."
2008-03-08 05:00:00+00:00,"If history is a reliable guide, a dismal jobs report suggests that the recession of 2008 is now unavoidable."
2008-03-09 05:00:00+00:00,"A 15,000-square-foot Georgian Revival mansion in Bridgeport has yet to move a buyer to meet the asking price of more than $4 million."
2008-03-09 05:00:00+00:00,
2008-03-09 05:00:00+00:00,
2008-03-09 05:00:00+00:00,"Though the big publishing houses are still in New York, the Seattle area is home to Amazon, Starbucks and Costco, companies that increasingly influence what America reads."
2008-03-09 05:00:00+00:00,"Lenders and businesses are becoming more cautious about whom they lend to and hire, slowing the economy further."
2008-03-09 05:00:00+00:00,"A conceptual artist with enough ideas to fill an entire arts center in Paris, and then some."
2008-03-09 05:00:00+00:00,The huge price tag helps explain why beating a buy-and-hold strategy is so difficult.
2008-03-09 05:00:00+00:00,"It was another difficult week for the stock market, especially after the Labor Department reported that the economy had lost 63,000 jobs in February."
2008-03-09 05:00:00+00:00,Foundations are increasingly using “metrics” to determine if their grants are working. But can you really measure the return-on-investment of giving to a cause?
2008-03-09 05:00:00+00:00,
2008-03-09 05:00:00+00:00,
2008-03-09 05:00:00+00:00,Four early works of fiction from the Holocaust victim Irène Némirovsky.
2008-03-09 05:00:00+00:00,"“There are some forty thousand Chinese restaurants in the United States — more than the number of McDonald’s, Burger Kings, and KFCs combined.”"
2008-03-09 21:22:32+00:00,The health care differences between Clinton and Obama are nothing compared to what you’ll hear this fall.
2008-03-10 04:00:00+00:00,Carlyle Capital said that it had asked lenders to halt further liquidation of collateral worth as much as $16 billion while the two sides discuss ways to repay debt.
2008-03-10 04:00:00+00:00,Management at The New York Times Company is facing another challenge from dissident investors complaining of poor decision-making.
2008-03-10 04:00:00+00:00,"Collectors, curators, museum directors and auction house experts have flocked to Maastricht in record numbers in recent days, yet so far sales at the European Fine Art Fair have been mixed, many dealers said."
2008-03-10 05:00:00+00:00,
2008-03-10 05:00:00+00:00,
2008-03-10 05:00:00+00:00,
2008-03-10 05:00:00+00:00,
2008-03-10 05:00:00+00:00,
2008-03-10 05:00:00+00:00,
2008-03-10 05:00:00+00:00,
2008-03-10 05:00:00+00:00,
2008-03-10 05:00:00+00:00,
2008-03-10 05:42:00+00:00,"In this lesson, students consider indicators that suggest that the United States may be in an economic recession. They then create flyers explaining how each of the presidential hopefuls propose to stimulate economic growth."
2008-03-10 12:06:03+00:00,
2008-03-10 12:14:09+00:00,
2008-03-10 12:20:35+00:00,
2008-03-10 13:27:38+00:00,
2008-03-10 15:21:19+00:00,
2008-03-10 15:59:42+00:00,"CBS, after a decade, is deciding to get serious about Internet radio. It is investing in technology, new programs, and a distribution deal with AOL."
2008-03-10 16:00:42+00:00,
2008-03-10 19:46:53+00:00,
2008-03-11 04:00:00+00:00,"Celebrated buyout firms like Blackstone, hailed only a year ago for its deal-making prowess, are seeing their profits collapse as the credit crisis spreads."
2008-03-11 04:00:00+00:00,"After being welcomed back to the bank a few years ago, John J. Mack faces questions about his ability to lead."
2008-03-11 04:00:00+00:00,The Federal Reserve said it would inject liquidity into the markets by lending Treasury securities and increasing currency swap lines with central banks.
2008-03-11 04:00:00+00:00,Wall Street enjoyed its best trading day since 2002 on Tuesday after the Federal Reserve injected a burst of financial adrenaline into the ailing banking system.
2008-03-11 04:00:00+00:00,The troubled mortgage-debt investment fund asked lenders to halt further liquidation of collateral worth as much as $16 billion.
2008-03-11 04:00:00+00:00,The economic pain and anxiety felt for so long by the poor and the near-poor has been spreading like a stain in the middle class as well. It’s hardly been a secret.
2008-03-11 05:00:00+00:00,
2008-03-11 05:00:00+00:00,
2008-03-11 05:00:00+00:00,
2008-03-11 05:00:00+00:00,
2008-03-11 05:00:00+00:00,
2008-03-11 05:00:00+00:00,
2008-03-11 05:00:00+00:00,
2008-03-11 05:00:00+00:00,
2008-03-11 05:00:00+00:00,
2008-03-11 05:00:00+00:00,
2008-03-11 05:00:00+00:00,
2008-03-11 05:00:00+00:00,
2008-03-11 05:00:00+00:00,
2008-03-11 05:00:00+00:00,
2008-03-11 05:00:00+00:00,
2008-03-11 05:00:00+00:00,
2008-03-11 11:37:13+00:00,
2008-03-11 11:57:13+00:00,
2008-03-11 18:27:12+00:00,
2008-03-11 22:36:02+00:00,
2008-03-12 04:00:00+00:00,"Wall Street fell after overnight gains in Asia and Europe, a day after the Federal Reserve led global central banks in flooding the financial system with liquidity."
2008-03-12 04:00:00+00:00,Stocks had their biggest one-day gain in five years after the Federal Reserve said it would step up its lending to ease strain on the dysfunctional money market.
2008-03-12 04:00:00+00:00,"Stocks surged Wednesday in Asia and Europe, but investors remained skeptical of the Fed’s move to inject liquidity into the financial system."
2008-03-12 04:00:00+00:00,"The Federal Reserve offered to let the biggest investment banks borrow up to $200 billion in Treasury securities, which sent stock prices soaring."
2008-03-12 05:00:00+00:00,
2008-03-12 05:00:00+00:00,
2008-03-12 05:00:00+00:00,
2008-03-12 05:00:00+00:00,
2008-03-12 05:00:00+00:00,
2008-03-12 05:00:00+00:00,
2008-03-12 05:00:00+00:00,
2008-03-12 05:00:00+00:00,
2008-03-12 05:00:00+00:00,
2008-03-12 05:00:00+00:00,
2008-03-12 05:00:00+00:00,
2008-03-12 05:00:00+00:00,
2008-03-12 05:00:00+00:00,
2008-03-12 05:00:00+00:00,
2008-03-12 11:11:14+00:00,
2008-03-12 11:32:41+00:00,
2008-03-12 13:22:06+00:00,
2008-03-12 17:50:28+00:00,
2008-03-12 17:56:24+00:00,Bear Stearns chief executive Alan Schwartz talks with CNBC's David Faber about his firm's troubles in the mortgage market and its stagnant stock.
2008-03-13 04:00:00+00:00,"Stock markets closed higher Thursday after an early sell-off as investors grappled with a precipitous decline in the dollar, poor retail sales, and an uneasy milestone: $1,000 gold."
2008-03-13 04:00:00+00:00,The court heard the first hint of drama in the dispute between John C. Malone’s Liberty Media and Barry Diller’s IAC/InterActiveCorp.
2008-03-13 04:00:00+00:00,Authorities took a second employee at the French bank Société Générale into custody in connection with a $7 billion trading scandal.
2008-03-13 04:00:00+00:00,Shares of Carlyle Capital lost most of their value after discussions with banks to refinance the fund failed.
2008-03-13 05:00:00+00:00,
2008-03-13 05:00:00+00:00,
2008-03-13 05:00:00+00:00,
2008-03-13 05:00:00+00:00,
2008-03-13 05:00:00+00:00,
2008-03-13 05:00:00+00:00,
2008-03-13 05:00:00+00:00,
2008-03-13 05:00:00+00:00,
2008-03-13 05:00:00+00:00,
2008-03-13 05:00:00+00:00,
2008-03-13 05:00:00+00:00,
2008-03-13 05:00:00+00:00,
2008-03-13 05:00:00+00:00,
2008-03-13 05:00:00+00:00,
2008-03-13 11:18:49+00:00,
2008-03-13 11:56:51+00:00,
2008-03-13 13:54:48+00:00,
2008-03-13 18:15:04+00:00,"“It is time to get back to the business of the state,” said the lieutenant governor, who is scheduled to be sworn in as governor on Monday at 1 p.m."
2008-03-14 04:00:00+00:00,The Hong Kong government closed all elementary schools and preschools a week early for Easter holidays after three children died amid an influenza outbreak.
2008-03-14 04:00:00+00:00,"Trying to convince investors that his company’s shares are worth buying, the chief executive of General Electric turned to new media on Thursday."
2008-03-14 04:00:00+00:00,That big accounting firm may boast having offices around the world — until an office is sued.
2008-03-14 04:00:00+00:00,The vice chairman of the International Securities Exchange was accused of leaking confidential information about the $2.8 billion takeover of the market last year.
2008-03-14 04:00:00+00:00,Stocks were down sharply as Bear’s announcement ignited fears that large banks remain vulnerable.
2008-03-14 04:00:00+00:00,"Unravel the Floridian city’s history, culture and lore, using the local seafood as a guide."
2008-03-14 04:00:00+00:00,"On Thursday, the dollar plumbed new lows, the price of gold jumped above $1,000 for the first time and lenders raised home loans once again."
2008-03-14 04:00:00+00:00,"Facing a grave liquidity crisis, Bear Stearns reached out for a financial lifeline and now faces the prospect of the end of its 85-year run as an independent investment bank."
2008-03-14 04:00:00+00:00,"David M. Rubenstein, co-founder of the Carlyle Group, pledged on Thursday to “make amends” to investors in a fund that has ties to his firm and is facing collapse."
2008-03-14 05:00:00+00:00,
2008-03-14 05:00:00+00:00,
2008-03-14 05:00:00+00:00,
2008-03-14 05:00:00+00:00,
2008-03-14 05:00:00+00:00,
2008-03-14 05:00:00+00:00,
2008-03-14 05:00:00+00:00,
2008-03-14 05:00:00+00:00,
2008-03-14 05:00:00+00:00,
2008-03-14 10:54:59+00:00,
2008-03-14 11:24:19+00:00,
2008-03-14 11:51:50+00:00,
2008-03-14 11:53:38+00:00,
2008-03-14 12:10:14+00:00,
2008-03-14 13:34:59+00:00,
2008-03-14 14:53:23+00:00,
2008-03-14 15:27:51+00:00,
2008-03-14 20:25:31+00:00,"Short-term investors who have piled into Take-Two Interactive hoping for a quick profit in Electronic Arts’s takeover bid, say the overall stock market has been so difficult that there are few other profit-making opportunities, and not so many on ..."
2008-03-14 21:42:41+00:00,
2008-03-15 04:00:00+00:00,"Potential buyers began circling Bear Stearns after it was given a secured line of credit, and policy makers may spend the weekend dealing with the fallout."
2008-03-15 04:00:00+00:00,"Although speculation that Bear was in trouble had swirled for days, announcement of the bailout seemed to catch investors by surprise."
2008-03-15 04:00:00+00:00,Banks that had seemed to come through the crisis with their capital intact played catch-up in the latest leg of the race to the bottom.
2008-03-15 04:00:00+00:00,"Sinosteel, the Chinese metals giant, made a hostile bid Friday for an Australian iron ore producer."
2008-03-16 04:00:00+00:00,"In a curious reversal, an innovation travels from the mainstream to the creative fringe — and disappears."
2008-03-16 04:00:00+00:00,"Ben S. Bernanke, who has long argued that a central bank should act on consistent principles, now has to improvise."
2008-03-16 04:00:00+00:00,The Fed’s effort to bail out Bear Stearns could have ugly consequences.
2008-03-16 04:00:00+00:00,"IAC/InteractiveCorp, Barry Diller’s collection of Internet-focused companies including Ticketmaster and Expedia, is floundering."
2008-03-16 04:00:00+00:00,"Picture captions with an article last Sunday in T: Men’s Fashion magazine, about affordable clothing and accessories, misidentified the brand name of three different pairs of sunglasses. It is RetroSuperFuture, not Caliroots."
2008-03-16 04:00:00+00:00,"Bear Stearns agreed to be bought by JPMorgan Chase for a bargain-basement price of less than $250 million, or about $2 a share."
2008-03-16 04:00:00+00:00,How the nation’s highest court became increasingly receptive to the arguments of American business.
2008-03-16 04:00:00+00:00,"The Strategies column last Sunday, about the cost of active investing, misstated the expense ratio of the retail version of the Vanguard Total Stock Market Index fund. In its most recent report in February, Vanguard said the expense ratio was 0.15..."
2008-03-16 04:00:00+00:00,"It was a remarkable week on Wall Street, but you wouldn’t know it from the market indexes, which ended more or less where they started."
2008-03-16 04:00:00+00:00,Project Franchise is a group with a mission to buy a sports team and let the fans vote on every decision.
2008-03-16 04:00:00+00:00,"Even if the economy is struggling, it’s not clear that long-term investors should dwell entirely on the negatives."
2008-03-16 05:00:00+00:00,
2008-03-16 05:00:00+00:00,
2008-03-16 05:00:00+00:00,
2008-03-16 05:00:00+00:00,
2008-03-16 05:00:00+00:00,
2008-03-16 05:00:00+00:00,
2008-03-16 05:00:00+00:00,
2008-03-16 05:00:00+00:00,
2008-03-16 05:00:00+00:00,
2008-03-16 05:00:00+00:00,
2008-03-16 05:00:00+00:00,
2008-03-16 05:00:00+00:00,
2008-03-16 05:00:00+00:00,
2008-03-16 21:03:23+00:00,
2008-03-16 22:21:08+00:00,
2008-03-17 01:31:45+00:00,
2008-03-17 04:00:00+00:00,"A day that loomed darkly on Wall Street ended with only a modest decline in the overall market, but shares of financial firms plummeted."
2008-03-17 04:00:00+00:00,Critics say Starbucks has squandered its musical tastemaking cachet by offering more mainstream selections in its coffee shops.
2008-03-17 04:00:00+00:00,"Alitalia, the money-losing Italian airline, accepted a 747 million-euro takeover offer from Air France-KLM on Sunday, seizing an 11th-hour financial lifeline."
2008-03-17 04:00:00+00:00,Investors are bracing for another volatile week in the markets as bankers and policy makers deal with the fallout from their bid to rescue Bear Stearns.
2008-03-17 04:00:00+00:00,"When the feds do bail out the financial system, what will they do to ensure that they aren’t also bailing out the people who got us into this mess?"
2008-03-17 04:00:00+00:00,"In a shocking deal reached on Sunday to save Bear Stearns, JPMorgan Chase agreed to pay less than one-tenth the firm’s market price on Friday."
2008-03-17 04:00:00+00:00,"Americans may think of the disease that destroyed Ireland’s potato crops as a European phenomenon, but its devastations actually started with them."
2008-03-17 04:00:00+00:00,"Shaking up its leadership for the third time in six months, Citigroup has named John Havens as the new head of its investment banking and alternative investments group."
2008-03-17 04:00:00+00:00,"Concerns about the fallout from the bargain-basement sale of Bear Stearns to JPMorgan Chase drove Asian and Europe stocks lower, and U.S. futures plunged overnight."
2008-03-17 04:00:00+00:00,JPMorgan Chase will pay just $2 a share for Bear Stearns — less than one-tenth the firm’s market price on Friday.
2008-03-17 04:00:00+00:00,Weekends in line at the Fairway fish counter can be tense.
2008-03-17 04:00:00+00:00,The Fed approved a $30 billion loan for the takeover of Bear Stearns and announced a new lending tool for investment firms.
2008-03-17 04:00:00+00:00,Major Asian stock markets fell sharply Monday as pessimism continued to spread despite the Fed’s dramatic moves over the weekend.
2008-03-17 04:00:00+00:00,The Fed approved a $30 billion loan for the takeover of Bear Stearns and announced a new lending tool for investment firms.
2008-03-17 05:00:00+00:00,
2008-03-17 05:00:00+00:00,
2008-03-17 05:00:00+00:00,
2008-03-17 05:00:00+00:00,
2008-03-17 05:00:00+00:00,
2008-03-17 05:00:00+00:00,
